date,book,price
2025-12-31 20:00,Absolute DC: The New Frontier (2025 Edition),Rs.23434
2025-12-31 20:09,Absolute DC: The New Frontier (2025 Edition),Rs.23434
2025-12-31 20:14,Absolute DC: The New Frontier (2025 Edition),Rs.23434
2025-12-31 20:26,Absolute DC: The New Frontier (2025 Edition),Rs.23434
2025-12-31 20:39,Absolute DC: The New Frontier (2025 Edition),Rs.23434
2025-12-31 20:46,Absolute DC: The New Frontier (2025 Edition),Rs.23434
2025-12-31 20:51,Absolute DC: The New Frontier (2025 Edition),Rs.23434
2025-12-31 21:02,Absolute DC: The New Frontier (2025 Edition),Rs.23434
2025-12-31 21:07,Absolute DC: The New Frontier (2025 Edition),Rs.23434
2026-01-01 10:14,Absolute DC: The New Frontier (2025 Edition),Rs.23434
2026-01-02 10:13,Absolute DC: The New Frontier (2025 Edition),Rs.23434
2026-01-03 10:12,Absolute DC: The New Frontier (2025 Edition),Rs.23434
2026-01-04 10:12,Absolute DC: The New Frontier (2025 Edition),Rs.23434
2026-01-05 10:16,Absolute DC: The New Frontier (2025 Edition),Rs.31245
2026-01-06 10:14,Absolute DC: The New Frontier (2025 Edition),Rs.31245
2026-01-07 10:15,Absolute DC: The New Frontier (2025 Edition),Rs.31245
2026-01-08 10:15,Absolute DC: The New Frontier (2025 Edition),Rs.31245
2026-01-09 10:14,Absolute DC: The New Frontier (2025 Edition),Rs.31245
2026-01-10 10:12,Absolute DC: The New Frontier (2025 Edition),Rs.31245
2026-01-11 10:12,Absolute DC: The New Frontier (2025 Edition),Rs.31245
2026-01-12 10:16,Absolute DC: The New Frontier (2025 Edition),Rs.31245
2026-01-13 10:14,Absolute DC: The New Frontier (2025 Edition),Rs.31245
2026-01-14 10:15,Absolute DC: The New Frontier (2025 Edition),Rs.31245
2026-01-15 10:14,Absolute DC: The New Frontier (2025 Edition),Rs.31245
2026-01-16 10:14,Absolute DC: The New Frontier (2025 Edition),Rs.31245
2026-01-17 10:12,Absolute DC: The New Frontier (2025 Edition),Rs.31245
2026-01-18 10:12,Absolute DC: The New Frontier (2025 Edition),Rs.31245
2026-01-19 10:18,Absolute DC: The New Frontier (2025 Edition),Rs.31245
2026-01-20 10:18,Absolute DC: The New Frontier (2025 Edition),Rs.31245
2026-01-21 10:17,Absolute DC: The New Frontier (2025 Edition),Rs.31245
2026-01-22 10:17,Absolute DC: The New Frontier (2025 Edition),Rs.31245
2026-01-23 10:15,Absolute DC: The New Frontier (2025 Edition),Rs.31245
2026-01-24 10:12,Absolute DC: The New Frontier (2025 Edition),Rs.31245
2026-01-25 10:12,Absolute DC: The New Frontier (2025 Edition),Rs.31245
2026-01-26 10:18,Absolute DC: The New Frontier (2025 Edition),Rs.31245
2026-01-27 10:17,Absolute DC: The New Frontier (2025 Edition),Rs.31245
2026-01-28 10:18,Absolute DC: The New Frontier (2025 Edition),Rs.31245
2026-01-29 10:27,Absolute DC: The New Frontier (2025 Edition),Rs.31245
2026-01-30 10:23,Absolute DC: The New Frontier (2025 Edition),Rs.31245
2026-01-31 10:14,Absolute DC: The New Frontier (2025 Edition),Rs.31245
2026-02-01 10:15,Absolute DC: The New Frontier (2025 Edition),Rs.31245
2026-02-02 10:34,Absolute DC: The New Frontier (2025 Edition),Rs.31245
2026-02-03 10:30,Absolute DC: The New Frontier (2025 Edition),Rs.31245
2026-02-04 10:29,Absolute DC: The New Frontier (2025 Edition),Rs.31245
2026-02-05 10:31,Absolute DC: The New Frontier (2025 Edition),Rs.31245
2025-12-31 21:02,Absolute Justice League: The World'S Greatest Super‑Heroes By Alex Ross & Paul Dini (New Edition),Rs.19234
2025-12-31 21:07,Absolute Justice League: The World'S Greatest Super‑Heroes By Alex Ross & Paul Dini (New Edition),Rs.19234
2026-01-01 10:14,Absolute Justice League: The World'S Greatest Super‑Heroes By Alex Ross & Paul Dini (New Edition),Rs.19234
2026-01-02 10:13,Absolute Justice League: The World'S Greatest Super‑Heroes By Alex Ross & Paul Dini (New Edition),Rs.19234
2026-01-03 10:12,Absolute Justice League: The World'S Greatest Super‑Heroes By Alex Ross & Paul Dini (New Edition),Rs.19234
2026-01-04 10:12,Absolute Justice League: The World'S Greatest Super‑Heroes By Alex Ross & Paul Dini (New Edition),Rs.19234
2026-01-05 10:16,Absolute Justice League: The World'S Greatest Super‑Heroes By Alex Ross & Paul Dini (New Edition),Rs.25645
2026-01-06 10:14,Absolute Justice League: The World'S Greatest Super‑Heroes By Alex Ross & Paul Dini (New Edition),Rs.25645
2026-01-07 10:15,Absolute Justice League: The World'S Greatest Super‑Heroes By Alex Ross & Paul Dini (New Edition),Rs.25645
2026-01-08 10:15,Absolute Justice League: The World'S Greatest Super‑Heroes By Alex Ross & Paul Dini (New Edition),Rs.25645
2026-01-09 10:14,Absolute Justice League: The World'S Greatest Super‑Heroes By Alex Ross & Paul Dini (New Edition),Rs.25645
2026-01-10 10:12,Absolute Justice League: The World'S Greatest Super‑Heroes By Alex Ross & Paul Dini (New Edition),Rs.25645
2026-01-11 10:12,Absolute Justice League: The World'S Greatest Super‑Heroes By Alex Ross & Paul Dini (New Edition),Rs.25645
2026-01-12 10:16,Absolute Justice League: The World'S Greatest Super‑Heroes By Alex Ross & Paul Dini (New Edition),Rs.25645
2026-01-13 10:14,Absolute Justice League: The World'S Greatest Super‑Heroes By Alex Ross & Paul Dini (New Edition),Rs.25645
2026-01-14 10:15,Absolute Justice League: The World'S Greatest Super‑Heroes By Alex Ross & Paul Dini (New Edition),Rs.25645
2026-01-15 10:14,Absolute Justice League: The World'S Greatest Super‑Heroes By Alex Ross & Paul Dini (New Edition),Rs.25645
2026-01-16 10:14,Absolute Justice League: The World'S Greatest Super‑Heroes By Alex Ross & Paul Dini (New Edition),Rs.25645
2026-01-17 10:12,Absolute Justice League: The World'S Greatest Super‑Heroes By Alex Ross & Paul Dini (New Edition),Rs.25645
2026-01-18 10:12,Absolute Justice League: The World'S Greatest Super‑Heroes By Alex Ross & Paul Dini (New Edition),Rs.25645
2026-01-19 10:18,Absolute Justice League: The World'S Greatest Super‑Heroes By Alex Ross & Paul Dini (New Edition),Rs.25645
2026-01-20 10:18,Absolute Justice League: The World'S Greatest Super‑Heroes By Alex Ross & Paul Dini (New Edition),Rs.25645
2026-01-21 10:17,Absolute Justice League: The World'S Greatest Super‑Heroes By Alex Ross & Paul Dini (New Edition),Rs.25645
2026-01-22 10:17,Absolute Justice League: The World'S Greatest Super‑Heroes By Alex Ross & Paul Dini (New Edition),Rs.25645
2026-01-23 10:15,Absolute Justice League: The World'S Greatest Super‑Heroes By Alex Ross & Paul Dini (New Edition),Rs.25645
2026-01-24 10:12,Absolute Justice League: The World'S Greatest Super‑Heroes By Alex Ross & Paul Dini (New Edition),Rs.25645
2026-01-25 10:12,Absolute Justice League: The World'S Greatest Super‑Heroes By Alex Ross & Paul Dini (New Edition),Rs.25645
2026-01-26 10:18,Absolute Justice League: The World'S Greatest Super‑Heroes By Alex Ross & Paul Dini (New Edition),Rs.25645
2026-01-27 10:17,Absolute Justice League: The World'S Greatest Super‑Heroes By Alex Ross & Paul Dini (New Edition),Rs.25645
2026-01-28 10:18,Absolute Justice League: The World'S Greatest Super‑Heroes By Alex Ross & Paul Dini (New Edition),Rs.25645
2026-01-29 10:27,Absolute Justice League: The World'S Greatest Super‑Heroes By Alex Ross & Paul Dini (New Edition),Rs.25645
2026-01-30 10:23,Absolute Justice League: The World'S Greatest Super‑Heroes By Alex Ross & Paul Dini (New Edition),Rs.25645
2026-01-31 10:14,Absolute Justice League: The World'S Greatest Super‑Heroes By Alex Ross & Paul Dini (New Edition),Rs.25645
2026-02-01 10:15,Absolute Justice League: The World'S Greatest Super‑Heroes By Alex Ross & Paul Dini (New Edition),Rs.25645
2026-02-02 10:34,Absolute Justice League: The World'S Greatest Super‑Heroes By Alex Ross & Paul Dini (New Edition),Rs.25645
2026-02-03 10:30,Absolute Justice League: The World'S Greatest Super‑Heroes By Alex Ross & Paul Dini (New Edition),Rs.25645
2026-02-04 10:29,Absolute Justice League: The World'S Greatest Super‑Heroes By Alex Ross & Paul Dini (New Edition),Rs.25645
2026-02-05 10:31,Absolute Justice League: The World'S Greatest Super‑Heroes By Alex Ross & Paul Dini (New Edition),Rs.25645
2025-12-31 20:00,Absolute Justice League: The World’S Greatest Super‑Heroes By Alex Ross & Paul Dini (New Edition),Rs.19234
2025-12-31 20:09,Absolute Justice League: The World’S Greatest Super‑Heroes By Alex Ross & Paul Dini (New Edition),Rs.19234
2025-12-31 20:14,Absolute Justice League: The World’S Greatest Super‑Heroes By Alex Ross & Paul Dini (New Edition),Rs.19234
2025-12-31 20:26,Absolute Justice League: The World’S Greatest Super‑Heroes By Alex Ross & Paul Dini (New Edition),Rs.19234
2025-12-31 20:39,Absolute Justice League: The World’S Greatest Super‑Heroes By Alex Ross & Paul Dini (New Edition),Rs.19234
2025-12-31 20:46,Absolute Justice League: The World’S Greatest Super‑Heroes By Alex Ross & Paul Dini (New Edition),Rs.19234
2025-12-31 20:51,Absolute Justice League: The World’S Greatest Super‑Heroes By Alex Ross & Paul Dini (New Edition),Rs.19234
2025-12-31 20:00,Absolute Kingdom Come (New Edition),Rs.19421
2025-12-31 20:09,Absolute Kingdom Come (New Edition),Rs.19421
2025-12-31 20:14,Absolute Kingdom Come (New Edition),Rs.19421
2025-12-31 20:26,Absolute Kingdom Come (New Edition),Rs.19421
2025-12-31 20:39,Absolute Kingdom Come (New Edition),Rs.19421
2025-12-31 20:46,Absolute Kingdom Come (New Edition),Rs.19421
2025-12-31 20:51,Absolute Kingdom Come (New Edition),Rs.19421
2025-12-31 21:02,Absolute Kingdom Come (New Edition),Rs.19421
2025-12-31 21:07,Absolute Kingdom Come (New Edition),Rs.19421
2026-01-01 10:14,Absolute Kingdom Come (New Edition),Rs.19421
2026-01-02 10:13,Absolute Kingdom Come (New Edition),Rs.19421
2026-01-03 10:12,Absolute Kingdom Come (New Edition),Rs.19421
2026-01-04 10:12,Absolute Kingdom Come (New Edition),Rs.19421
2026-01-05 10:16,Absolute Kingdom Come (New Edition),Rs.25895
2026-01-06 10:14,Absolute Kingdom Come (New Edition),Rs.25895
2026-01-07 10:15,Absolute Kingdom Come (New Edition),Rs.25895
2026-01-08 10:15,Absolute Kingdom Come (New Edition),Rs.25895
2026-01-09 10:14,Absolute Kingdom Come (New Edition),Rs.25895
2026-01-10 10:12,Absolute Kingdom Come (New Edition),Rs.25895
2026-01-11 10:12,Absolute Kingdom Come (New Edition),Rs.25895
2026-01-12 10:16,Absolute Kingdom Come (New Edition),Rs.25895
2026-01-13 10:14,Absolute Kingdom Come (New Edition),Rs.25895
2026-01-14 10:15,Absolute Kingdom Come (New Edition),Rs.25895
2026-01-15 10:14,Absolute Kingdom Come (New Edition),Rs.25895
2026-01-16 10:14,Absolute Kingdom Come (New Edition),Rs.25895
2026-01-17 10:12,Absolute Kingdom Come (New Edition),Rs.25895
2026-01-18 10:12,Absolute Kingdom Come (New Edition),Rs.25895
2026-01-19 10:18,Absolute Kingdom Come (New Edition),Rs.25895
2026-01-20 10:18,Absolute Kingdom Come (New Edition),Rs.25895
2026-01-21 10:17,Absolute Kingdom Come (New Edition),Rs.25895
2026-01-22 10:17,Absolute Kingdom Come (New Edition),Rs.25895
2026-01-23 10:15,Absolute Kingdom Come (New Edition),Rs.25895
2026-01-24 10:12,Absolute Kingdom Come (New Edition),Rs.25895
2026-01-25 10:12,Absolute Kingdom Come (New Edition),Rs.25895
2026-01-26 10:18,Absolute Kingdom Come (New Edition),Rs.25895
2026-01-27 10:17,Absolute Kingdom Come (New Edition),Rs.25895
2026-01-28 10:18,Absolute Kingdom Come (New Edition),Rs.25895
2026-01-29 10:27,Absolute Kingdom Come (New Edition),Rs.25895
2026-01-30 10:23,Absolute Kingdom Come (New Edition),Rs.25895
2026-01-31 10:14,Absolute Kingdom Come (New Edition),Rs.25895
2026-02-01 10:15,Absolute Kingdom Come (New Edition),Rs.25895
2026-02-02 10:34,Absolute Kingdom Come (New Edition),Rs.25895
2026-02-03 10:30,Absolute Kingdom Come (New Edition),Rs.25895
2026-02-04 10:29,Absolute Kingdom Come (New Edition),Rs.25895
2026-02-05 10:31,Absolute Kingdom Come (New Edition),Rs.25895
2025-12-31 20:00,Absolute Superman For All Seasons,Rs.18671
2025-12-31 20:09,Absolute Superman For All Seasons,Rs.18671
2025-12-31 20:14,Absolute Superman For All Seasons,Rs.18671
2025-12-31 20:26,Absolute Superman For All Seasons,Rs.18671
2025-12-31 20:39,Absolute Superman For All Seasons,Rs.18671
2025-12-31 20:46,Absolute Superman For All Seasons,Rs.18671
2025-12-31 20:51,Absolute Superman For All Seasons,Rs.18671
2025-12-31 21:02,Absolute Superman For All Seasons,Rs.18671
2025-12-31 21:07,Absolute Superman For All Seasons,Rs.18671
2026-01-01 10:14,Absolute Superman For All Seasons,Rs.18671
2026-01-02 10:13,Absolute Superman For All Seasons,Rs.18671
2026-01-03 10:12,Absolute Superman For All Seasons,Rs.18671
2026-01-04 10:12,Absolute Superman For All Seasons,Rs.18671
2026-01-05 10:16,Absolute Superman For All Seasons,Rs.24895
2026-01-06 10:14,Absolute Superman For All Seasons,Rs.24895
2026-01-07 10:15,Absolute Superman For All Seasons,Rs.24895
2026-01-08 10:15,Absolute Superman For All Seasons,Rs.24895
2026-01-09 10:14,Absolute Superman For All Seasons,Rs.24895
2026-01-10 10:12,Absolute Superman For All Seasons,Rs.24895
2026-01-11 10:12,Absolute Superman For All Seasons,Rs.24895
2026-01-12 10:16,Absolute Superman For All Seasons,Rs.24895
2026-01-13 10:14,Absolute Superman For All Seasons,Rs.24895
2026-01-14 10:15,Absolute Superman For All Seasons,Rs.24895
2026-01-15 10:14,Absolute Superman For All Seasons,Rs.24895
2026-01-16 10:14,Absolute Superman For All Seasons,Rs.24895
2026-01-17 10:12,Absolute Superman For All Seasons,Rs.24895
2026-01-18 10:12,Absolute Superman For All Seasons,Rs.24895
2026-01-19 10:18,Absolute Superman For All Seasons,Rs.24895
2026-01-20 10:18,Absolute Superman For All Seasons,Rs.24895
2026-01-21 10:17,Absolute Superman For All Seasons,Rs.24895
2026-01-22 10:17,Absolute Superman For All Seasons,Rs.24895
2026-01-23 10:15,Absolute Superman For All Seasons,Rs.24895
2026-01-24 10:12,Absolute Superman For All Seasons,Rs.24895
2026-01-25 10:12,Absolute Superman For All Seasons,Rs.24895
2026-01-26 10:18,Absolute Superman For All Seasons,Rs.24895
2026-01-27 10:17,Absolute Superman For All Seasons,Rs.24895
2026-01-28 10:18,Absolute Superman For All Seasons,Rs.24895
2026-01-29 10:27,Absolute Superman For All Seasons,Rs.24895
2026-01-30 10:23,Absolute Superman For All Seasons,Rs.24895
2026-01-31 10:14,Absolute Superman For All Seasons,Rs.24895
2026-02-01 10:15,Absolute Superman For All Seasons,Rs.24895
2026-02-02 10:34,Absolute Superman For All Seasons,Rs.24895
2026-02-03 10:30,Absolute Superman For All Seasons,Rs.24895
2026-02-04 10:29,Absolute Superman For All Seasons,Rs.24895
2026-02-05 10:31,Absolute Superman For All Seasons,Rs.24895
2025-12-31 20:00,Alice In Borderland (Volume 1),Rs.4459
2025-12-31 20:09,Alice In Borderland (Volume 1),Rs.4459
2025-12-31 20:14,Alice In Borderland (Volume 1),Rs.4459
2025-12-31 20:26,Alice In Borderland (Volume 1),Rs.4459
2025-12-31 20:39,Alice In Borderland (Volume 1),Rs.4459
2025-12-31 20:46,Alice In Borderland (Volume 1),Rs.4459
2025-12-31 20:51,Alice In Borderland (Volume 1),Rs.4459
2025-12-31 21:02,Alice In Borderland (Volume 1),Rs.4459
2025-12-31 21:07,Alice In Borderland (Volume 1),Rs.4459
2026-01-01 10:14,Alice In Borderland (Volume 1),Rs.4459
2026-01-02 10:13,Alice In Borderland (Volume 1),Rs.4459
2026-01-03 10:12,Alice In Borderland (Volume 1),Rs.4459
2026-01-04 10:12,Alice In Borderland (Volume 1),Rs.4459
2026-01-05 10:16,Alice In Borderland (Volume 1),Rs.5945
2026-01-06 10:14,Alice In Borderland (Volume 1),Rs.5945
2026-01-07 10:15,Alice In Borderland (Volume 1),Rs.5945
2026-01-08 10:15,Alice In Borderland (Volume 1),Rs.5945
2026-01-09 10:14,Alice In Borderland (Volume 1),Rs.5945
2026-01-10 10:12,Alice In Borderland (Volume 1),Rs.5945
2026-01-11 10:12,Alice In Borderland (Volume 1),Rs.5945
2026-01-12 10:16,Alice In Borderland (Volume 1),Rs.5945
2026-01-13 10:14,Alice In Borderland (Volume 1),Rs.5945
2026-01-14 10:15,Alice In Borderland (Volume 1),Rs.5945
2026-01-15 10:14,Alice In Borderland (Volume 1),Rs.5945
2026-01-16 10:14,Alice In Borderland (Volume 1),Rs.5945
2026-01-17 10:12,Alice In Borderland (Volume 1),Rs.5945
2026-01-18 10:12,Alice In Borderland (Volume 1),Rs.5945
2026-01-19 10:18,Alice In Borderland (Volume 1),Rs.5945
2026-01-20 10:18,Alice In Borderland (Volume 1),Rs.5945
2026-01-21 10:17,Alice In Borderland (Volume 1),Rs.5945
2026-01-22 10:17,Alice In Borderland (Volume 1),Rs.5945
2026-01-23 10:15,Alice In Borderland (Volume 1),Rs.5945
2026-01-24 10:12,Alice In Borderland (Volume 1),Rs.5945
2026-01-25 10:12,Alice In Borderland (Volume 1),Rs.5945
2026-01-26 10:18,Alice In Borderland (Volume 1),Rs.5945
2026-01-27 10:17,Alice In Borderland (Volume 1),Rs.5945
2026-01-28 10:18,Alice In Borderland (Volume 1),Rs.5945
2026-01-29 10:27,Alice In Borderland (Volume 1),Rs.5945
2026-01-30 10:23,Alice In Borderland (Volume 1),Rs.5945
2026-01-31 10:14,Alice In Borderland (Volume 1),Rs.5945
2026-02-01 10:15,Alice In Borderland (Volume 1),Rs.5945
2026-02-02 10:34,Alice In Borderland (Volume 1),Rs.5945
2026-02-03 10:30,Alice In Borderland (Volume 1),Rs.5945
2026-02-04 10:29,Alice In Borderland (Volume 1),Rs.5945
2026-02-05 10:31,Alice In Borderland (Volume 1),Rs.5945
2025-12-31 20:00,Alice In Borderland (Volume 2),Rs.3634
2025-12-31 20:09,Alice In Borderland (Volume 2),Rs.3634
2025-12-31 20:14,Alice In Borderland (Volume 2),Rs.3634
2025-12-31 20:26,Alice In Borderland (Volume 2),Rs.3634
2025-12-31 20:39,Alice In Borderland (Volume 2),Rs.3634
2025-12-31 20:46,Alice In Borderland (Volume 2),Rs.3634
2025-12-31 20:51,Alice In Borderland (Volume 2),Rs.3634
2025-12-31 21:02,Alice In Borderland (Volume 2),Rs.3634
2025-12-31 21:07,Alice In Borderland (Volume 2),Rs.3634
2026-01-01 10:14,Alice In Borderland (Volume 2),Rs.3634
2026-01-02 10:13,Alice In Borderland (Volume 2),Rs.3634
2026-01-03 10:12,Alice In Borderland (Volume 2),Rs.3634
2026-01-04 10:12,Alice In Borderland (Volume 2),Rs.3634
2026-01-05 10:16,Alice In Borderland (Volume 2),Rs.4845
2026-01-06 10:14,Alice In Borderland (Volume 2),Rs.4845
2026-01-07 10:15,Alice In Borderland (Volume 2),Rs.4845
2026-01-08 10:15,Alice In Borderland (Volume 2),Rs.4845
2026-01-09 10:14,Alice In Borderland (Volume 2),Rs.4845
2026-01-10 10:12,Alice In Borderland (Volume 2),Rs.4845
2026-01-11 10:12,Alice In Borderland (Volume 2),Rs.4845
2026-01-12 10:16,Alice In Borderland (Volume 2),Rs.4845
2026-01-13 10:14,Alice In Borderland (Volume 2),Rs.4845
2026-01-14 10:15,Alice In Borderland (Volume 2),Rs.4845
2026-01-15 10:14,Alice In Borderland (Volume 2),Rs.4845
2026-01-16 10:14,Alice In Borderland (Volume 2),Rs.4845
2026-01-17 10:12,Alice In Borderland (Volume 2),Rs.4845
2026-01-18 10:12,Alice In Borderland (Volume 2),Rs.4845
2026-01-19 10:18,Alice In Borderland (Volume 2),Rs.4845
2026-01-20 10:18,Alice In Borderland (Volume 2),Rs.4845
2026-01-21 10:17,Alice In Borderland (Volume 2),Rs.4845
2026-01-22 10:17,Alice In Borderland (Volume 2),Rs.4845
2026-01-23 10:15,Alice In Borderland (Volume 2),Rs.4845
2026-01-24 10:12,Alice In Borderland (Volume 2),Rs.4845
2026-01-25 10:12,Alice In Borderland (Volume 2),Rs.4845
2026-01-26 10:18,Alice In Borderland (Volume 2),Rs.4845
2026-01-27 10:17,Alice In Borderland (Volume 2),Rs.4845
2026-01-28 10:18,Alice In Borderland (Volume 2),Rs.4845
2026-01-29 10:27,Alice In Borderland (Volume 2),Rs.4845
2026-01-30 10:23,Alice In Borderland (Volume 2),Rs.4845
2026-01-31 10:14,Alice In Borderland (Volume 2),Rs.4845
2026-02-01 10:15,Alice In Borderland (Volume 2),Rs.4845
2026-02-02 10:34,Alice In Borderland (Volume 2),Rs.4845
2026-02-03 10:30,Alice In Borderland (Volume 2),Rs.4845
2026-02-04 10:29,Alice In Borderland (Volume 2),Rs.4845
2026-02-05 10:31,Alice In Borderland (Volume 2),Rs.4845
2025-12-31 20:00,Alice In Borderland (Volume 3),Rs.3671
2025-12-31 20:09,Alice In Borderland (Volume 3),Rs.3671
2025-12-31 20:14,Alice In Borderland (Volume 3),Rs.3671
2025-12-31 20:26,Alice In Borderland (Volume 3),Rs.3671
2025-12-31 20:39,Alice In Borderland (Volume 3),Rs.3671
2025-12-31 20:46,Alice In Borderland (Volume 3),Rs.3671
2025-12-31 20:51,Alice In Borderland (Volume 3),Rs.3671
2025-12-31 21:02,Alice In Borderland (Volume 3),Rs.3671
2025-12-31 21:07,Alice In Borderland (Volume 3),Rs.3671
2026-01-01 10:14,Alice In Borderland (Volume 3),Rs.3671
2026-01-02 10:13,Alice In Borderland (Volume 3),Rs.3671
2026-01-03 10:12,Alice In Borderland (Volume 3),Rs.3671
2026-01-04 10:12,Alice In Borderland (Volume 3),Rs.3671
2026-01-05 10:16,Alice In Borderland (Volume 3),Rs.4895
2026-01-06 10:14,Alice In Borderland (Volume 3),Rs.4895
2026-01-07 10:15,Alice In Borderland (Volume 3),Rs.4895
2026-01-08 10:15,Alice In Borderland (Volume 3),Rs.4895
2026-01-09 10:14,Alice In Borderland (Volume 3),Rs.4895
2026-01-10 10:12,Alice In Borderland (Volume 3),Rs.4895
2026-01-11 10:12,Alice In Borderland (Volume 3),Rs.4895
2026-01-12 10:16,Alice In Borderland (Volume 3),Rs.4895
2026-01-13 10:14,Alice In Borderland (Volume 3),Rs.4895
2026-01-14 10:15,Alice In Borderland (Volume 3),Rs.4895
2026-01-15 10:14,Alice In Borderland (Volume 3),Rs.4895
2026-01-16 10:14,Alice In Borderland (Volume 3),Rs.4895
2026-01-17 10:12,Alice In Borderland (Volume 3),Rs.4895
2026-01-18 10:12,Alice In Borderland (Volume 3),Rs.4895
2026-01-19 10:18,Alice In Borderland (Volume 3),Rs.4895
2026-01-20 10:18,Alice In Borderland (Volume 3),Rs.4895
2026-01-21 10:17,Alice In Borderland (Volume 3),Rs.4895
2026-01-22 10:17,Alice In Borderland (Volume 3),Rs.4895
2026-01-23 10:15,Alice In Borderland (Volume 3),Rs.4895
2026-01-24 10:12,Alice In Borderland (Volume 3),Rs.4895
2026-01-25 10:12,Alice In Borderland (Volume 3),Rs.4895
2026-01-26 10:18,Alice In Borderland (Volume 3),Rs.4895
2026-01-27 10:17,Alice In Borderland (Volume 3),Rs.4895
2026-01-28 10:18,Alice In Borderland (Volume 3),Rs.4895
2026-01-29 10:27,Alice In Borderland (Volume 3),Rs.4895
2026-01-30 10:23,Alice In Borderland (Volume 3),Rs.4895
2026-01-31 10:14,Alice In Borderland (Volume 3),Rs.4895
2026-02-01 10:15,Alice In Borderland (Volume 3),Rs.4895
2026-02-02 10:34,Alice In Borderland (Volume 3),Rs.4895
2026-02-03 10:30,Alice In Borderland (Volume 3),Rs.4895
2026-02-04 10:29,Alice In Borderland (Volume 3),Rs.4895
2026-02-05 10:31,Alice In Borderland (Volume 3),Rs.4895
2025-12-31 20:00,Alice In Borderland (Volume 4),Rs.3371
2025-12-31 20:09,Alice In Borderland (Volume 4),Rs.3371
2025-12-31 20:14,Alice In Borderland (Volume 4),Rs.3371
2025-12-31 20:26,Alice In Borderland (Volume 4),Rs.3371
2025-12-31 20:39,Alice In Borderland (Volume 4),Rs.3371
2025-12-31 20:46,Alice In Borderland (Volume 4),Rs.3371
2025-12-31 20:51,Alice In Borderland (Volume 4),Rs.3371
2025-12-31 21:02,Alice In Borderland (Volume 4),Rs.3371
2025-12-31 21:07,Alice In Borderland (Volume 4),Rs.3371
2026-01-01 10:14,Alice In Borderland (Volume 4),Rs.3371
2026-01-02 10:13,Alice In Borderland (Volume 4),Rs.3371
2026-01-03 10:12,Alice In Borderland (Volume 4),Rs.3371
2026-01-04 10:12,Alice In Borderland (Volume 4),Rs.3371
2026-01-05 10:16,Alice In Borderland (Volume 4),Rs.4045
2026-01-06 10:14,Alice In Borderland (Volume 4),Rs.4045
2026-01-07 10:15,Alice In Borderland (Volume 4),Rs.4045
2026-01-08 10:15,Alice In Borderland (Volume 4),Rs.4045
2026-01-09 10:14,Alice In Borderland (Volume 4),Rs.4045
2026-01-10 10:12,Alice In Borderland (Volume 4),Rs.4045
2026-01-11 10:12,Alice In Borderland (Volume 4),Rs.4045
2026-01-12 10:16,Alice In Borderland (Volume 4),Rs.4045
2026-01-13 10:14,Alice In Borderland (Volume 4),Rs.4045
2026-01-14 10:15,Alice In Borderland (Volume 4),Rs.4045
2026-01-15 10:14,Alice In Borderland (Volume 4),Rs.4045
2026-01-16 10:14,Alice In Borderland (Volume 4),Rs.4045
2026-01-17 10:12,Alice In Borderland (Volume 4),Rs.4045
2026-01-18 10:12,Alice In Borderland (Volume 4),Rs.4045
2026-01-19 10:18,Alice In Borderland (Volume 4),Rs.4045
2026-01-20 10:18,Alice In Borderland (Volume 4),Rs.4045
2026-01-21 10:17,Alice In Borderland (Volume 4),Rs.4045
2026-01-22 10:17,Alice In Borderland (Volume 4),Rs.4045
2026-01-23 10:15,Alice In Borderland (Volume 4),Rs.4045
2026-01-24 10:12,Alice In Borderland (Volume 4),Rs.4045
2026-01-25 10:12,Alice In Borderland (Volume 4),Rs.4045
2026-01-26 10:18,Alice In Borderland (Volume 4),Rs.4045
2026-01-27 10:17,Alice In Borderland (Volume 4),Rs.4045
2026-01-28 10:18,Alice In Borderland (Volume 4),Rs.4045
2026-01-29 10:27,Alice In Borderland (Volume 4),Rs.4045
2026-01-30 10:23,Alice In Borderland (Volume 4),Rs.4045
2026-01-31 10:14,Alice In Borderland (Volume 4),Rs.4045
2026-02-01 10:15,Alice In Borderland (Volume 4),Rs.4045
2026-02-02 10:34,Alice In Borderland (Volume 4),Rs.4045
2026-02-03 10:30,Alice In Borderland (Volume 4),Rs.4045
2026-02-04 10:29,Alice In Borderland (Volume 4),Rs.4045
2026-02-05 10:31,Alice In Borderland (Volume 4),Rs.4045
2025-12-31 20:00,Alice In Borderland (Volume 5),Rs.3484
2025-12-31 20:09,Alice In Borderland (Volume 5),Rs.3484
2025-12-31 20:14,Alice In Borderland (Volume 5),Rs.3484
2025-12-31 20:26,Alice In Borderland (Volume 5),Rs.3484
2025-12-31 20:39,Alice In Borderland (Volume 5),Rs.3484
2025-12-31 20:46,Alice In Borderland (Volume 5),Rs.3484
2025-12-31 20:51,Alice In Borderland (Volume 5),Rs.3484
2025-12-31 21:02,Alice In Borderland (Volume 5),Rs.3484
2025-12-31 21:07,Alice In Borderland (Volume 5),Rs.3484
2026-01-01 10:14,Alice In Borderland (Volume 5),Rs.3484
2026-01-02 10:13,Alice In Borderland (Volume 5),Rs.3484
2026-01-03 10:12,Alice In Borderland (Volume 5),Rs.3484
2026-01-04 10:12,Alice In Borderland (Volume 5),Rs.3484
2026-01-05 10:16,Alice In Borderland (Volume 5),Rs.4645
2026-01-06 10:14,Alice In Borderland (Volume 5),Rs.4645
2026-01-07 10:15,Alice In Borderland (Volume 5),Rs.4645
2026-01-08 10:15,Alice In Borderland (Volume 5),Rs.4645
2026-01-09 10:14,Alice In Borderland (Volume 5),Rs.4645
2026-01-10 10:12,Alice In Borderland (Volume 5),Rs.4645
2026-01-11 10:12,Alice In Borderland (Volume 5),Rs.4645
2026-01-12 10:16,Alice In Borderland (Volume 5),Rs.4645
2026-01-13 10:14,Alice In Borderland (Volume 5),Rs.4645
2026-01-14 10:15,Alice In Borderland (Volume 5),Rs.4645
2026-01-15 10:14,Alice In Borderland (Volume 5),Rs.4645
2026-01-16 10:14,Alice In Borderland (Volume 5),Rs.4645
2026-01-17 10:12,Alice In Borderland (Volume 5),Rs.4645
2026-01-18 10:12,Alice In Borderland (Volume 5),Rs.4645
2026-01-19 10:18,Alice In Borderland (Volume 5),Rs.4645
2026-01-20 10:18,Alice In Borderland (Volume 5),Rs.4645
2026-01-21 10:17,Alice In Borderland (Volume 5),Rs.4645
2026-01-22 10:17,Alice In Borderland (Volume 5),Rs.4645
2026-01-23 10:15,Alice In Borderland (Volume 5),Rs.4645
2026-01-24 10:12,Alice In Borderland (Volume 5),Rs.4645
2026-01-25 10:12,Alice In Borderland (Volume 5),Rs.4645
2026-01-26 10:18,Alice In Borderland (Volume 5),Rs.4645
2026-01-27 10:17,Alice In Borderland (Volume 5),Rs.4645
2026-01-28 10:18,Alice In Borderland (Volume 5),Rs.4645
2026-01-29 10:27,Alice In Borderland (Volume 5),Rs.4645
2026-01-30 10:23,Alice In Borderland (Volume 5),Rs.4645
2026-01-31 10:14,Alice In Borderland (Volume 5),Rs.4645
2026-02-01 10:15,Alice In Borderland (Volume 5),Rs.4645
2026-02-02 10:34,Alice In Borderland (Volume 5),Rs.4645
2026-02-03 10:30,Alice In Borderland (Volume 5),Rs.4645
2026-02-04 10:29,Alice In Borderland (Volume 5),Rs.4645
2026-02-05 10:31,Alice In Borderland (Volume 5),Rs.4645
2025-12-31 20:00,"Alice In Borderland, Vol. 6",Rs.3859
2025-12-31 20:09,"Alice In Borderland, Vol. 6",Rs.3859
2025-12-31 20:14,"Alice In Borderland, Vol. 6",Rs.3859
2025-12-31 20:26,"Alice In Borderland, Vol. 6",Rs.3859
2025-12-31 20:39,"Alice In Borderland, Vol. 6",Rs.3859
2025-12-31 20:46,"Alice In Borderland, Vol. 6",Rs.3859
2025-12-31 20:51,"Alice In Borderland, Vol. 6",Rs.3859
2025-12-31 21:02,"Alice In Borderland, Vol. 6",Rs.3859
2025-12-31 21:07,"Alice In Borderland, Vol. 6",Rs.3859
2026-01-01 10:14,"Alice In Borderland, Vol. 6",Rs.3859
2026-01-02 10:13,"Alice In Borderland, Vol. 6",Rs.3859
2026-01-03 10:12,"Alice In Borderland, Vol. 6",Rs.3859
2026-01-04 10:12,"Alice In Borderland, Vol. 6",Rs.3859
2026-01-05 10:16,"Alice In Borderland, Vol. 6",Rs.5145
2026-01-06 10:14,"Alice In Borderland, Vol. 6",Rs.5145
2026-01-07 10:15,"Alice In Borderland, Vol. 6",Rs.5145
2026-01-08 10:15,"Alice In Borderland, Vol. 6",Rs.5145
2026-01-09 10:14,"Alice In Borderland, Vol. 6",Rs.5145
2026-01-10 10:12,"Alice In Borderland, Vol. 6",Rs.5145
2026-01-11 10:12,"Alice In Borderland, Vol. 6",Rs.5145
2026-01-12 10:16,"Alice In Borderland, Vol. 6",Rs.5145
2026-01-13 10:14,"Alice In Borderland, Vol. 6",Rs.5145
2026-01-14 10:15,"Alice In Borderland, Vol. 6",Rs.5145
2026-01-15 10:14,"Alice In Borderland, Vol. 6",Rs.5145
2026-01-16 10:14,"Alice In Borderland, Vol. 6",Rs.5145
2026-01-17 10:12,"Alice In Borderland, Vol. 6",Rs.5145
2026-01-18 10:12,"Alice In Borderland, Vol. 6",Rs.5145
2026-01-19 10:18,"Alice In Borderland, Vol. 6",Rs.5145
2026-01-20 10:18,"Alice In Borderland, Vol. 6",Rs.5145
2026-01-21 10:17,"Alice In Borderland, Vol. 6",Rs.5145
2026-01-22 10:17,"Alice In Borderland, Vol. 6",Rs.5145
2026-01-23 10:15,"Alice In Borderland, Vol. 6",Rs.5145
2026-01-24 10:12,"Alice In Borderland, Vol. 6",Rs.5145
2026-01-25 10:12,"Alice In Borderland, Vol. 6",Rs.5145
2026-01-26 10:18,"Alice In Borderland, Vol. 6",Rs.5145
2026-01-27 10:17,"Alice In Borderland, Vol. 6",Rs.5145
2026-01-28 10:18,"Alice In Borderland, Vol. 6",Rs.5145
2026-01-29 10:27,"Alice In Borderland, Vol. 6",Rs.5145
2026-01-30 10:23,"Alice In Borderland, Vol. 6",Rs.5145
2026-01-31 10:14,"Alice In Borderland, Vol. 6",Rs.5145
2026-02-01 10:15,"Alice In Borderland, Vol. 6",Rs.5145
2026-02-02 10:34,"Alice In Borderland, Vol. 6",Rs.5145
2026-02-03 10:30,"Alice In Borderland, Vol. 6",Rs.5145
2026-02-04 10:29,"Alice In Borderland, Vol. 6",Rs.5145
2026-02-05 10:31,"Alice In Borderland, Vol. 6",Rs.5145
2025-12-31 20:00,"Alice In Borderland, Vol. 7",Rs.3821
2025-12-31 20:09,"Alice In Borderland, Vol. 7",Rs.3821
2025-12-31 20:14,"Alice In Borderland, Vol. 7",Rs.3821
2025-12-31 20:26,"Alice In Borderland, Vol. 7",Rs.3821
2025-12-31 20:39,"Alice In Borderland, Vol. 7",Rs.3821
2025-12-31 20:46,"Alice In Borderland, Vol. 7",Rs.3821
2025-12-31 20:51,"Alice In Borderland, Vol. 7",Rs.3821
2025-12-31 21:02,"Alice In Borderland, Vol. 7",Rs.3821
2025-12-31 21:07,"Alice In Borderland, Vol. 7",Rs.3821
2026-01-01 10:14,"Alice In Borderland, Vol. 7",Rs.3821
2026-01-02 10:13,"Alice In Borderland, Vol. 7",Rs.3821
2026-01-03 10:12,"Alice In Borderland, Vol. 7",Rs.3821
2026-01-04 10:12,"Alice In Borderland, Vol. 7",Rs.3821
2026-01-05 10:16,"Alice In Borderland, Vol. 7",Rs.5095
2026-01-06 10:14,"Alice In Borderland, Vol. 7",Rs.5095
2026-01-07 10:15,"Alice In Borderland, Vol. 7",Rs.5095
2026-01-08 10:15,"Alice In Borderland, Vol. 7",Rs.5095
2026-01-09 10:14,"Alice In Borderland, Vol. 7",Rs.5095
2026-01-10 10:12,"Alice In Borderland, Vol. 7",Rs.5095
2026-01-11 10:12,"Alice In Borderland, Vol. 7",Rs.5095
2026-01-12 10:16,"Alice In Borderland, Vol. 7",Rs.5095
2026-01-13 10:14,"Alice In Borderland, Vol. 7",Rs.5095
2026-01-14 10:15,"Alice In Borderland, Vol. 7",Rs.5095
2026-01-15 10:14,"Alice In Borderland, Vol. 7",Rs.5095
2026-01-16 10:14,"Alice In Borderland, Vol. 7",Rs.5095
2026-01-17 10:12,"Alice In Borderland, Vol. 7",Rs.5095
2026-01-18 10:12,"Alice In Borderland, Vol. 7",Rs.5095
2026-01-19 10:18,"Alice In Borderland, Vol. 7",Rs.5095
2026-01-20 10:18,"Alice In Borderland, Vol. 7",Rs.5095
2026-01-21 10:17,"Alice In Borderland, Vol. 7",Rs.5095
2026-01-22 10:17,"Alice In Borderland, Vol. 7",Rs.5095
2026-01-23 10:15,"Alice In Borderland, Vol. 7",Rs.5095
2026-01-24 10:12,"Alice In Borderland, Vol. 7",Rs.5095
2026-01-25 10:12,"Alice In Borderland, Vol. 7",Rs.5095
2026-01-26 10:18,"Alice In Borderland, Vol. 7",Rs.5095
2026-01-27 10:17,"Alice In Borderland, Vol. 7",Rs.5095
2026-01-28 10:18,"Alice In Borderland, Vol. 7",Rs.5095
2026-01-29 10:27,"Alice In Borderland, Vol. 7",Rs.5095
2026-01-30 10:23,"Alice In Borderland, Vol. 7",Rs.5095
2026-01-31 10:14,"Alice In Borderland, Vol. 7",Rs.5095
2026-02-01 10:15,"Alice In Borderland, Vol. 7",Rs.5095
2026-02-02 10:34,"Alice In Borderland, Vol. 7",Rs.5095
2026-02-03 10:30,"Alice In Borderland, Vol. 7",Rs.5095
2026-02-04 10:29,"Alice In Borderland, Vol. 7",Rs.5095
2026-02-05 10:31,"Alice In Borderland, Vol. 7",Rs.5095
2025-12-31 20:00,"Alice In Borderland, Vol. 8",Rs.3859
2025-12-31 20:09,"Alice In Borderland, Vol. 8",Rs.3859
2025-12-31 20:14,"Alice In Borderland, Vol. 8",Rs.3859
2025-12-31 20:26,"Alice In Borderland, Vol. 8",Rs.3859
2025-12-31 20:39,"Alice In Borderland, Vol. 8",Rs.3859
2025-12-31 20:46,"Alice In Borderland, Vol. 8",Rs.3859
2025-12-31 20:51,"Alice In Borderland, Vol. 8",Rs.3859
2025-12-31 21:02,"Alice In Borderland, Vol. 8",Rs.3859
2025-12-31 21:07,"Alice In Borderland, Vol. 8",Rs.3859
2026-01-01 10:14,"Alice In Borderland, Vol. 8",Rs.3859
2026-01-02 10:13,"Alice In Borderland, Vol. 8",Rs.3859
2026-01-03 10:12,"Alice In Borderland, Vol. 8",Rs.3859
2026-01-04 10:12,"Alice In Borderland, Vol. 8",Rs.3859
2026-01-05 10:16,"Alice In Borderland, Vol. 8",Rs.5145
2026-01-06 10:14,"Alice In Borderland, Vol. 8",Rs.5145
2026-01-07 10:15,"Alice In Borderland, Vol. 8",Rs.5145
2026-01-08 10:15,"Alice In Borderland, Vol. 8",Rs.5145
2026-01-09 10:14,"Alice In Borderland, Vol. 8",Rs.5145
2026-01-10 10:12,"Alice In Borderland, Vol. 8",Rs.5145
2026-01-11 10:12,"Alice In Borderland, Vol. 8",Rs.5145
2026-01-12 10:16,"Alice In Borderland, Vol. 8",Rs.5145
2026-01-13 10:14,"Alice In Borderland, Vol. 8",Rs.5145
2026-01-14 10:15,"Alice In Borderland, Vol. 8",Rs.5145
2026-01-15 10:14,"Alice In Borderland, Vol. 8",Rs.5145
2026-01-16 10:14,"Alice In Borderland, Vol. 8",Rs.5145
2026-01-17 10:12,"Alice In Borderland, Vol. 8",Rs.5145
2026-01-18 10:12,"Alice In Borderland, Vol. 8",Rs.5145
2026-01-19 10:18,"Alice In Borderland, Vol. 8",Rs.5145
2026-01-20 10:18,"Alice In Borderland, Vol. 8",Rs.5145
2026-01-21 10:17,"Alice In Borderland, Vol. 8",Rs.5145
2026-01-22 10:17,"Alice In Borderland, Vol. 8",Rs.5145
2026-01-23 10:15,"Alice In Borderland, Vol. 8",Rs.5145
2026-01-24 10:12,"Alice In Borderland, Vol. 8",Rs.5145
2026-01-25 10:12,"Alice In Borderland, Vol. 8",Rs.5145
2026-01-26 10:18,"Alice In Borderland, Vol. 8",Rs.5145
2026-01-27 10:17,"Alice In Borderland, Vol. 8",Rs.5145
2026-01-28 10:18,"Alice In Borderland, Vol. 8",Rs.5145
2026-01-29 10:27,"Alice In Borderland, Vol. 8",Rs.5145
2026-01-30 10:23,"Alice In Borderland, Vol. 8",Rs.5145
2026-01-31 10:14,"Alice In Borderland, Vol. 8",Rs.5145
2026-02-01 10:15,"Alice In Borderland, Vol. 8",Rs.5145
2026-02-02 10:34,"Alice In Borderland, Vol. 8",Rs.5145
2026-02-03 10:30,"Alice In Borderland, Vol. 8",Rs.5145
2026-02-04 10:29,"Alice In Borderland, Vol. 8",Rs.5145
2026-02-05 10:31,"Alice In Borderland, Vol. 8",Rs.5145
2025-12-31 20:00,"Alice In Borderland, Vol. 9",Rs.4571
2025-12-31 20:09,"Alice In Borderland, Vol. 9",Rs.4571
2025-12-31 20:14,"Alice In Borderland, Vol. 9",Rs.4571
2025-12-31 20:26,"Alice In Borderland, Vol. 9",Rs.4571
2025-12-31 20:39,"Alice In Borderland, Vol. 9",Rs.4571
2025-12-31 20:46,"Alice In Borderland, Vol. 9",Rs.4571
2025-12-31 20:51,"Alice In Borderland, Vol. 9",Rs.4571
2025-12-31 21:02,"Alice In Borderland, Vol. 9",Rs.4571
2025-12-31 21:07,"Alice In Borderland, Vol. 9",Rs.4571
2026-01-01 10:14,"Alice In Borderland, Vol. 9",Rs.4571
2026-01-02 10:13,"Alice In Borderland, Vol. 9",Rs.4571
2026-01-03 10:12,"Alice In Borderland, Vol. 9",Rs.4571
2026-01-04 10:12,"Alice In Borderland, Vol. 9",Rs.4571
2026-01-05 10:16,"Alice In Borderland, Vol. 9",Rs.6095
2026-01-06 10:14,"Alice In Borderland, Vol. 9",Rs.6095
2026-01-07 10:15,"Alice In Borderland, Vol. 9",Rs.6095
2026-01-08 10:15,"Alice In Borderland, Vol. 9",Rs.6095
2026-01-09 10:14,"Alice In Borderland, Vol. 9",Rs.6095
2026-01-10 10:12,"Alice In Borderland, Vol. 9",Rs.6095
2026-01-11 10:12,"Alice In Borderland, Vol. 9",Rs.6095
2026-01-12 10:16,"Alice In Borderland, Vol. 9",Rs.6095
2026-01-13 10:14,"Alice In Borderland, Vol. 9",Rs.6095
2026-01-14 10:15,"Alice In Borderland, Vol. 9",Rs.6095
2026-01-15 10:14,"Alice In Borderland, Vol. 9",Rs.6095
2026-01-16 10:14,"Alice In Borderland, Vol. 9",Rs.6095
2026-01-17 10:12,"Alice In Borderland, Vol. 9",Rs.6095
2026-01-18 10:12,"Alice In Borderland, Vol. 9",Rs.6095
2026-01-19 10:18,"Alice In Borderland, Vol. 9",Rs.6095
2026-01-20 10:18,"Alice In Borderland, Vol. 9",Rs.6095
2026-01-21 10:17,"Alice In Borderland, Vol. 9",Rs.6095
2026-01-22 10:17,"Alice In Borderland, Vol. 9",Rs.6095
2026-01-23 10:15,"Alice In Borderland, Vol. 9",Rs.6095
2026-01-24 10:12,"Alice In Borderland, Vol. 9",Rs.6095
2026-01-25 10:12,"Alice In Borderland, Vol. 9",Rs.6095
2026-01-26 10:18,"Alice In Borderland, Vol. 9",Rs.6095
2026-01-27 10:17,"Alice In Borderland, Vol. 9",Rs.6095
2026-01-28 10:18,"Alice In Borderland, Vol. 9",Rs.6095
2026-01-29 10:27,"Alice In Borderland, Vol. 9",Rs.6095
2026-01-30 10:23,"Alice In Borderland, Vol. 9",Rs.6095
2026-01-31 10:14,"Alice In Borderland, Vol. 9",Rs.6095
2026-02-01 10:15,"Alice In Borderland, Vol. 9",Rs.6095
2026-02-02 10:34,"Alice In Borderland, Vol. 9",Rs.6095
2026-02-03 10:30,"Alice In Borderland, Vol. 9",Rs.6095
2026-02-04 10:29,"Alice In Borderland, Vol. 9",Rs.6095
2026-02-05 10:31,"Alice In Borderland, Vol. 9",Rs.6095
2025-12-31 20:00,Batman By Darwyn Cooke: Absolute Edition,Rs.16496
2025-12-31 20:09,Batman By Darwyn Cooke: Absolute Edition,Rs.16496
2025-12-31 20:14,Batman By Darwyn Cooke: Absolute Edition,Rs.16496
2025-12-31 20:26,Batman By Darwyn Cooke: Absolute Edition,Rs.16496
2025-12-31 20:39,Batman By Darwyn Cooke: Absolute Edition,Rs.16496
2025-12-31 20:46,Batman By Darwyn Cooke: Absolute Edition,Rs.16496
2025-12-31 20:51,Batman By Darwyn Cooke: Absolute Edition,Rs.16496
2025-12-31 21:02,Batman By Darwyn Cooke: Absolute Edition,Rs.16496
2025-12-31 21:07,Batman By Darwyn Cooke: Absolute Edition,Rs.16496
2026-01-01 10:14,Batman By Darwyn Cooke: Absolute Edition,Rs.16496
2026-01-02 10:13,Batman By Darwyn Cooke: Absolute Edition,Rs.16496
2026-01-03 10:12,Batman By Darwyn Cooke: Absolute Edition,Rs.16496
2026-01-04 10:12,Batman By Darwyn Cooke: Absolute Edition,Rs.16496
2026-01-05 10:16,Batman By Darwyn Cooke: Absolute Edition,Rs.21995
2026-01-06 10:14,Batman By Darwyn Cooke: Absolute Edition,Rs.21995
2026-01-07 10:15,Batman By Darwyn Cooke: Absolute Edition,Rs.21995
2026-01-08 10:15,Batman By Darwyn Cooke: Absolute Edition,Rs.21995
2026-01-09 10:14,Batman By Darwyn Cooke: Absolute Edition,Rs.21995
2026-01-10 10:12,Batman By Darwyn Cooke: Absolute Edition,Rs.21995
2026-01-11 10:12,Batman By Darwyn Cooke: Absolute Edition,Rs.21995
2026-01-12 10:16,Batman By Darwyn Cooke: Absolute Edition,Rs.21995
2026-01-13 10:14,Batman By Darwyn Cooke: Absolute Edition,Rs.21995
2026-01-14 10:15,Batman By Darwyn Cooke: Absolute Edition,Rs.21995
2026-01-15 10:14,Batman By Darwyn Cooke: Absolute Edition,Rs.21995
2026-01-16 10:14,Batman By Darwyn Cooke: Absolute Edition,Rs.21995
2026-01-17 10:12,Batman By Darwyn Cooke: Absolute Edition,Rs.21995
2026-01-18 10:12,Batman By Darwyn Cooke: Absolute Edition,Rs.21995
2026-01-19 10:18,Batman By Darwyn Cooke: Absolute Edition,Rs.21995
2026-01-20 10:18,Batman By Darwyn Cooke: Absolute Edition,Rs.21995
2026-01-21 10:17,Batman By Darwyn Cooke: Absolute Edition,Rs.21995
2026-01-22 10:17,Batman By Darwyn Cooke: Absolute Edition,Rs.21995
2026-01-23 10:15,Batman By Darwyn Cooke: Absolute Edition,Rs.21995
2026-01-24 10:12,Batman By Darwyn Cooke: Absolute Edition,Rs.21995
2026-01-25 10:12,Batman By Darwyn Cooke: Absolute Edition,Rs.21995
2026-01-26 10:18,Batman By Darwyn Cooke: Absolute Edition,Rs.21995
2026-01-27 10:17,Batman By Darwyn Cooke: Absolute Edition,Rs.21995
2026-01-28 10:18,Batman By Darwyn Cooke: Absolute Edition,Rs.21995
2026-01-29 10:27,Batman By Darwyn Cooke: Absolute Edition,Rs.21995
2026-01-30 10:23,Batman By Darwyn Cooke: Absolute Edition,Rs.21995
2026-01-31 10:14,Batman By Darwyn Cooke: Absolute Edition,Rs.21995
2026-02-01 10:15,Batman By Darwyn Cooke: Absolute Edition,Rs.21995
2026-02-02 10:34,Batman By Darwyn Cooke: Absolute Edition,Rs.21995
2026-02-03 10:30,Batman By Darwyn Cooke: Absolute Edition,Rs.21995
2026-02-04 10:29,Batman By Darwyn Cooke: Absolute Edition,Rs.21995
2026-02-05 10:31,Batman By Darwyn Cooke: Absolute Edition,Rs.21995
2025-12-31 20:00,Batman By Jeph Loeb & Tim Sale Omnibus,Rs.23884
2025-12-31 20:09,Batman By Jeph Loeb & Tim Sale Omnibus,Rs.23884
2025-12-31 20:14,Batman By Jeph Loeb & Tim Sale Omnibus,Rs.23884
2025-12-31 20:26,Batman By Jeph Loeb & Tim Sale Omnibus,Rs.23884
2025-12-31 20:39,Batman By Jeph Loeb & Tim Sale Omnibus,Rs.23884
2025-12-31 20:46,Batman By Jeph Loeb & Tim Sale Omnibus,Rs.23884
2025-12-31 20:51,Batman By Jeph Loeb & Tim Sale Omnibus,Rs.23884
2025-12-31 21:02,Batman By Jeph Loeb & Tim Sale Omnibus,Rs.23884
2025-12-31 21:07,Batman By Jeph Loeb & Tim Sale Omnibus,Rs.23884
2026-01-01 10:14,Batman By Jeph Loeb & Tim Sale Omnibus,Rs.23884
2026-01-02 10:13,Batman By Jeph Loeb & Tim Sale Omnibus,Rs.23884
2026-01-03 10:12,Batman By Jeph Loeb & Tim Sale Omnibus,Rs.23884
2026-01-04 10:12,Batman By Jeph Loeb & Tim Sale Omnibus,Rs.23884
2026-01-05 10:16,Batman By Jeph Loeb & Tim Sale Omnibus,Rs.31845
2026-01-06 10:14,Batman By Jeph Loeb & Tim Sale Omnibus,Rs.31845
2026-01-07 10:15,Batman By Jeph Loeb & Tim Sale Omnibus,Rs.31845
2026-01-08 10:15,Batman By Jeph Loeb & Tim Sale Omnibus,Rs.31845
2026-01-09 10:14,Batman By Jeph Loeb & Tim Sale Omnibus,Rs.31845
2026-01-10 10:12,Batman By Jeph Loeb & Tim Sale Omnibus,Rs.31845
2026-01-11 10:12,Batman By Jeph Loeb & Tim Sale Omnibus,Rs.31845
2026-01-12 10:16,Batman By Jeph Loeb & Tim Sale Omnibus,Rs.31845
2026-01-13 10:14,Batman By Jeph Loeb & Tim Sale Omnibus,Rs.31845
2026-01-14 10:15,Batman By Jeph Loeb & Tim Sale Omnibus,Rs.31845
2026-01-15 10:14,Batman By Jeph Loeb & Tim Sale Omnibus,Rs.31845
2026-01-16 10:14,Batman By Jeph Loeb & Tim Sale Omnibus,Rs.31845
2026-01-17 10:12,Batman By Jeph Loeb & Tim Sale Omnibus,Rs.31845
2026-01-18 10:12,Batman By Jeph Loeb & Tim Sale Omnibus,Rs.31845
2026-01-19 10:18,Batman By Jeph Loeb & Tim Sale Omnibus,Rs.31845
2026-01-20 10:18,Batman By Jeph Loeb & Tim Sale Omnibus,Rs.31845
2026-01-21 10:17,Batman By Jeph Loeb & Tim Sale Omnibus,Rs.31845
2026-01-22 10:17,Batman By Jeph Loeb & Tim Sale Omnibus,Rs.31845
2026-01-23 10:15,Batman By Jeph Loeb & Tim Sale Omnibus,Rs.31845
2026-01-24 10:12,Batman By Jeph Loeb & Tim Sale Omnibus,Rs.31845
2026-01-25 10:12,Batman By Jeph Loeb & Tim Sale Omnibus,Rs.31845
2026-01-26 10:18,Batman By Jeph Loeb & Tim Sale Omnibus,Rs.31845
2026-01-27 10:17,Batman By Jeph Loeb & Tim Sale Omnibus,Rs.31845
2026-01-28 10:18,Batman By Jeph Loeb & Tim Sale Omnibus,Rs.31845
2026-01-29 10:27,Batman By Jeph Loeb & Tim Sale Omnibus,Rs.31845
2026-01-30 10:23,Batman By Jeph Loeb & Tim Sale Omnibus,Rs.31845
2026-01-31 10:14,Batman By Jeph Loeb & Tim Sale Omnibus,Rs.31845
2026-02-01 10:15,Batman By Jeph Loeb & Tim Sale Omnibus,Rs.31845
2026-02-02 10:34,Batman By Jeph Loeb & Tim Sale Omnibus,Rs.31845
2026-02-03 10:30,Batman By Jeph Loeb & Tim Sale Omnibus,Rs.31845
2026-02-04 10:29,Batman By Jeph Loeb & Tim Sale Omnibus,Rs.31845
2026-02-05 10:31,Batman By Jeph Loeb & Tim Sale Omnibus,Rs.31845
2025-12-31 20:00,Batman By Paul Dini Omnibus (New Edition),Rs.22909
2025-12-31 20:09,Batman By Paul Dini Omnibus (New Edition),Rs.22909
2025-12-31 20:14,Batman By Paul Dini Omnibus (New Edition),Rs.22909
2025-12-31 20:26,Batman By Paul Dini Omnibus (New Edition),Rs.22909
2025-12-31 20:39,Batman By Paul Dini Omnibus (New Edition),Rs.22909
2025-12-31 20:46,Batman By Paul Dini Omnibus (New Edition),Rs.22909
2025-12-31 20:51,Batman By Paul Dini Omnibus (New Edition),Rs.22909
2025-12-31 21:02,Batman By Paul Dini Omnibus (New Edition),Rs.22909
2025-12-31 21:07,Batman By Paul Dini Omnibus (New Edition),Rs.22909
2026-01-01 10:14,Batman By Paul Dini Omnibus (New Edition),Rs.22909
2026-01-02 10:13,Batman By Paul Dini Omnibus (New Edition),Rs.22909
2026-01-03 10:12,Batman By Paul Dini Omnibus (New Edition),Rs.22909
2026-01-04 10:12,Batman By Paul Dini Omnibus (New Edition),Rs.22909
2026-01-05 10:16,Batman By Paul Dini Omnibus (New Edition),Rs.30545
2026-01-06 10:14,Batman By Paul Dini Omnibus (New Edition),Rs.30545
2026-01-07 10:15,Batman By Paul Dini Omnibus (New Edition),Rs.30545
2026-01-08 10:15,Batman By Paul Dini Omnibus (New Edition),Rs.30545
2026-01-09 10:14,Batman By Paul Dini Omnibus (New Edition),Rs.30545
2026-01-10 10:12,Batman By Paul Dini Omnibus (New Edition),Rs.30545
2026-01-11 10:12,Batman By Paul Dini Omnibus (New Edition),Rs.30545
2026-01-12 10:16,Batman By Paul Dini Omnibus (New Edition),Rs.30545
2026-01-13 10:14,Batman By Paul Dini Omnibus (New Edition),Rs.30545
2026-01-14 10:15,Batman By Paul Dini Omnibus (New Edition),Rs.30545
2026-01-15 10:14,Batman By Paul Dini Omnibus (New Edition),Rs.30545
2026-01-16 10:14,Batman By Paul Dini Omnibus (New Edition),Rs.30545
2026-01-17 10:12,Batman By Paul Dini Omnibus (New Edition),Rs.30545
2026-01-18 10:12,Batman By Paul Dini Omnibus (New Edition),Rs.30545
2026-01-19 10:18,Batman By Paul Dini Omnibus (New Edition),Rs.30545
2026-01-20 10:18,Batman By Paul Dini Omnibus (New Edition),Rs.30545
2026-01-21 10:17,Batman By Paul Dini Omnibus (New Edition),Rs.30545
2026-01-22 10:17,Batman By Paul Dini Omnibus (New Edition),Rs.30545
2026-01-23 10:15,Batman By Paul Dini Omnibus (New Edition),Rs.30545
2026-01-24 10:12,Batman By Paul Dini Omnibus (New Edition),Rs.30545
2026-01-25 10:12,Batman By Paul Dini Omnibus (New Edition),Rs.30545
2026-01-26 10:18,Batman By Paul Dini Omnibus (New Edition),Rs.30545
2026-01-27 10:17,Batman By Paul Dini Omnibus (New Edition),Rs.30545
2026-01-28 10:18,Batman By Paul Dini Omnibus (New Edition),Rs.30545
2026-01-29 10:27,Batman By Paul Dini Omnibus (New Edition),Rs.30545
2026-01-30 10:23,Batman By Paul Dini Omnibus (New Edition),Rs.30545
2026-01-31 10:14,Batman By Paul Dini Omnibus (New Edition),Rs.30545
2026-02-01 10:15,Batman By Paul Dini Omnibus (New Edition),Rs.30545
2026-02-02 10:34,Batman By Paul Dini Omnibus (New Edition),Rs.30545
2026-02-03 10:30,Batman By Paul Dini Omnibus (New Edition),Rs.30545
2026-02-04 10:29,Batman By Paul Dini Omnibus (New Edition),Rs.30545
2026-02-05 10:31,Batman By Paul Dini Omnibus (New Edition),Rs.30545
2025-12-31 20:00,Batman: Hush 20th Anniversary Edition (Volume 58),Rs.9371
2025-12-31 20:09,Batman: Hush 20th Anniversary Edition (Volume 58),Rs.9371
2025-12-31 20:14,Batman: Hush 20th Anniversary Edition (Volume 58),Rs.9371
2025-12-31 20:26,Batman: Hush 20th Anniversary Edition (Volume 58),Rs.9371
2025-12-31 20:39,Batman: Hush 20th Anniversary Edition (Volume 58),Rs.9371
2025-12-31 20:46,Batman: Hush 20th Anniversary Edition (Volume 58),Rs.9371
2025-12-31 20:51,Batman: Hush 20th Anniversary Edition (Volume 58),Rs.9371
2025-12-31 21:02,Batman: Hush 20th Anniversary Edition (Volume 58),Rs.9371
2025-12-31 21:07,Batman: Hush 20th Anniversary Edition (Volume 58),Rs.9371
2026-01-01 10:14,Batman: Hush 20th Anniversary Edition (Volume 58),Rs.9371
2026-01-02 10:13,Batman: Hush 20th Anniversary Edition (Volume 58),Rs.9371
2026-01-03 10:12,Batman: Hush 20th Anniversary Edition (Volume 58),Rs.9371
2026-01-04 10:12,Batman: Hush 20th Anniversary Edition (Volume 58),Rs.9371
2026-01-05 10:16,Batman: Hush 20th Anniversary Edition (Volume 58),Rs.12495
2026-01-06 10:14,Batman: Hush 20th Anniversary Edition (Volume 58),Rs.12495
2026-01-07 10:15,Batman: Hush 20th Anniversary Edition (Volume 58),Rs.12495
2026-01-08 10:15,Batman: Hush 20th Anniversary Edition (Volume 58),Rs.12495
2026-01-09 10:14,Batman: Hush 20th Anniversary Edition (Volume 58),Rs.12495
2026-01-10 10:12,Batman: Hush 20th Anniversary Edition (Volume 58),Rs.12495
2026-01-11 10:12,Batman: Hush 20th Anniversary Edition (Volume 58),Rs.12495
2026-01-12 10:16,Batman: Hush 20th Anniversary Edition (Volume 58),Rs.12495
2026-01-13 10:14,Batman: Hush 20th Anniversary Edition (Volume 58),Rs.12495
2026-01-14 10:15,Batman: Hush 20th Anniversary Edition (Volume 58),Rs.12495
2026-01-15 10:14,Batman: Hush 20th Anniversary Edition (Volume 58),Rs.12495
2026-01-16 10:14,Batman: Hush 20th Anniversary Edition (Volume 58),Rs.12495
2026-01-17 10:12,Batman: Hush 20th Anniversary Edition (Volume 58),Rs.12495
2026-01-18 10:12,Batman: Hush 20th Anniversary Edition (Volume 58),Rs.12495
2026-01-19 10:18,Batman: Hush 20th Anniversary Edition (Volume 58),Rs.12495
2026-01-20 10:18,Batman: Hush 20th Anniversary Edition (Volume 58),Rs.12495
2026-01-21 10:17,Batman: Hush 20th Anniversary Edition (Volume 58),Rs.12495
2026-01-22 10:17,Batman: Hush 20th Anniversary Edition (Volume 58),Rs.12495
2026-01-23 10:15,Batman: Hush 20th Anniversary Edition (Volume 58),Rs.12495
2026-01-24 10:12,Batman: Hush 20th Anniversary Edition (Volume 58),Rs.12495
2026-01-25 10:12,Batman: Hush 20th Anniversary Edition (Volume 58),Rs.12495
2026-01-26 10:18,Batman: Hush 20th Anniversary Edition (Volume 58),Rs.12495
2026-01-27 10:17,Batman: Hush 20th Anniversary Edition (Volume 58),Rs.12495
2026-01-28 10:18,Batman: Hush 20th Anniversary Edition (Volume 58),Rs.12495
2026-01-29 10:27,Batman: Hush 20th Anniversary Edition (Volume 58),Rs.12495
2026-01-30 10:23,Batman: Hush 20th Anniversary Edition (Volume 58),Rs.12495
2026-01-31 10:14,Batman: Hush 20th Anniversary Edition (Volume 58),Rs.12495
2026-02-01 10:15,Batman: Hush 20th Anniversary Edition (Volume 58),Rs.12495
2026-02-02 10:34,Batman: Hush 20th Anniversary Edition (Volume 58),Rs.12495
2026-02-03 10:30,Batman: Hush 20th Anniversary Edition (Volume 58),Rs.12495
2026-02-04 10:29,Batman: Hush 20th Anniversary Edition (Volume 58),Rs.12495
2026-02-05 10:31,Batman: Hush 20th Anniversary Edition (Volume 58),Rs.12495
2025-12-31 20:00,Batman: Omnibus (Volume 1),Rs.25121
2025-12-31 20:09,Batman: Omnibus (Volume 1),Rs.25121
2025-12-31 20:14,Batman: Omnibus (Volume 1),Rs.25121
2025-12-31 20:26,Batman: Omnibus (Volume 1),Rs.25121
2025-12-31 20:39,Batman: Omnibus (Volume 1),Rs.25121
2025-12-31 20:46,Batman: Omnibus (Volume 1),Rs.25121
2025-12-31 20:51,Batman: Omnibus (Volume 1),Rs.25121
2025-12-31 21:02,Batman: Omnibus (Volume 1),Rs.25121
2025-12-31 21:07,Batman: Omnibus (Volume 1),Rs.25121
2026-01-01 10:14,Batman: Omnibus (Volume 1),Rs.25121
2026-01-02 10:13,Batman: Omnibus (Volume 1),Rs.25121
2026-01-03 10:12,Batman: Omnibus (Volume 1),Rs.25121
2026-01-04 10:12,Batman: Omnibus (Volume 1),Rs.25121
2026-01-05 10:16,Batman: Omnibus (Volume 1),Rs.33495
2026-01-06 10:14,Batman: Omnibus (Volume 1),Rs.33495
2026-01-07 10:15,Batman: Omnibus (Volume 1),Rs.33495
2026-01-08 10:15,Batman: Omnibus (Volume 1),Rs.33495
2026-01-09 10:14,Batman: Omnibus (Volume 1),Rs.33495
2026-01-10 10:12,Batman: Omnibus (Volume 1),Rs.33495
2026-01-11 10:12,Batman: Omnibus (Volume 1),Rs.33495
2026-01-12 10:16,Batman: Omnibus (Volume 1),Rs.33495
2026-01-13 10:14,Batman: Omnibus (Volume 1),Rs.33495
2026-01-14 10:15,Batman: Omnibus (Volume 1),Rs.33495
2026-01-15 10:14,Batman: Omnibus (Volume 1),Rs.33495
2026-01-16 10:14,Batman: Omnibus (Volume 1),Rs.33495
2026-01-17 10:12,Batman: Omnibus (Volume 1),Rs.33495
2026-01-18 10:12,Batman: Omnibus (Volume 1),Rs.33495
2026-01-19 10:18,Batman: Omnibus (Volume 1),Rs.33495
2026-01-20 10:18,Batman: Omnibus (Volume 1),Rs.33495
2026-01-21 10:17,Batman: Omnibus (Volume 1),Rs.33495
2026-01-22 10:17,Batman: Omnibus (Volume 1),Rs.33495
2026-01-23 10:15,Batman: Omnibus (Volume 1),Rs.33495
2026-01-24 10:12,Batman: Omnibus (Volume 1),Rs.33495
2026-01-25 10:12,Batman: Omnibus (Volume 1),Rs.33495
2026-01-26 10:18,Batman: Omnibus (Volume 1),Rs.33495
2026-01-27 10:17,Batman: Omnibus (Volume 1),Rs.33495
2026-01-28 10:18,Batman: Omnibus (Volume 1),Rs.33495
2026-01-29 10:27,Batman: Omnibus (Volume 1),Rs.33495
2026-01-30 10:23,Batman: Omnibus (Volume 1),Rs.33495
2026-01-31 10:14,Batman: Omnibus (Volume 1),Rs.33495
2026-02-01 10:15,Batman: Omnibus (Volume 1),Rs.33495
2026-02-02 10:34,Batman: Omnibus (Volume 1),Rs.33495
2026-02-03 10:30,Batman: Omnibus (Volume 1),Rs.33495
2026-02-04 10:29,Batman: Omnibus (Volume 1),Rs.33495
2026-02-05 10:31,Batman: Omnibus (Volume 1),Rs.33495
2025-12-31 20:00,Death: The Deluxe Edition (2022 Edition),Rs.6146
2025-12-31 20:09,Death: The Deluxe Edition (2022 Edition),Rs.6146
2025-12-31 20:14,Death: The Deluxe Edition (2022 Edition),Rs.6146
2025-12-31 20:26,Death: The Deluxe Edition (2022 Edition),Rs.6146
2025-12-31 20:39,Death: The Deluxe Edition (2022 Edition),Rs.6146
2025-12-31 20:46,Death: The Deluxe Edition (2022 Edition),Rs.6146
2025-12-31 20:51,Death: The Deluxe Edition (2022 Edition),Rs.6146
2025-12-31 21:02,Death: The Deluxe Edition (2022 Edition),Rs.6146
2025-12-31 21:07,Death: The Deluxe Edition (2022 Edition),Rs.6146
2026-01-01 10:14,Death: The Deluxe Edition (2022 Edition),Rs.6146
2026-01-02 10:13,Death: The Deluxe Edition (2022 Edition),Rs.6146
2026-01-03 10:12,Death: The Deluxe Edition (2022 Edition),Rs.6146
2026-01-04 10:12,Death: The Deluxe Edition (2022 Edition),Rs.6146
2026-01-05 10:16,Death: The Deluxe Edition (2022 Edition),Rs.8195
2026-01-06 10:14,Death: The Deluxe Edition (2022 Edition),Rs.8195
2026-01-07 10:15,Death: The Deluxe Edition (2022 Edition),Rs.8195
2026-01-08 10:15,Death: The Deluxe Edition (2022 Edition),Rs.8195
2026-01-09 10:14,Death: The Deluxe Edition (2022 Edition),Rs.7375
2026-01-10 10:12,Death: The Deluxe Edition (2022 Edition),Rs.7375
2026-01-11 10:12,Death: The Deluxe Edition (2022 Edition),Rs.7375
2026-01-12 10:16,Death: The Deluxe Edition (2022 Edition),Rs.8195
2026-01-13 10:14,Death: The Deluxe Edition (2022 Edition),Rs.8195
2026-01-14 10:15,Death: The Deluxe Edition (2022 Edition),Rs.8195
2026-01-15 10:14,Death: The Deluxe Edition (2022 Edition),Rs.8195
2026-01-16 10:14,Death: The Deluxe Edition (2022 Edition),Rs.8195
2026-01-17 10:12,Death: The Deluxe Edition (2022 Edition),Rs.8195
2026-01-18 10:12,Death: The Deluxe Edition (2022 Edition),Rs.8195
2026-01-19 10:18,Death: The Deluxe Edition (2022 Edition),Rs.8195
2026-01-20 10:18,Death: The Deluxe Edition (2022 Edition),Rs.8195
2026-01-21 10:17,Death: The Deluxe Edition (2022 Edition),Rs.8195
2026-01-22 10:17,Death: The Deluxe Edition (2022 Edition),Rs.8195
2026-01-23 10:15,Death: The Deluxe Edition (2022 Edition),Rs.8195
2026-01-24 10:12,Death: The Deluxe Edition (2022 Edition),Rs.8195
2026-01-25 10:12,Death: The Deluxe Edition (2022 Edition),Rs.8195
2026-01-26 10:18,Death: The Deluxe Edition (2022 Edition),Rs.8195
2026-01-27 10:17,Death: The Deluxe Edition (2022 Edition),Rs.8195
2026-01-28 10:18,Death: The Deluxe Edition (2022 Edition),Rs.8195
2026-01-29 10:27,Death: The Deluxe Edition (2022 Edition),Rs.8195
2026-01-30 10:23,Death: The Deluxe Edition (2022 Edition),Rs.8195
2026-01-31 10:14,Death: The Deluxe Edition (2022 Edition),Rs.8195
2026-02-01 10:15,Death: The Deluxe Edition (2022 Edition),Rs.8195
2026-02-02 10:34,Death: The Deluxe Edition (2022 Edition),Rs.8195
2026-02-03 10:30,Death: The Deluxe Edition (2022 Edition),Rs.8195
2026-02-04 10:29,Death: The Deluxe Edition (2022 Edition),Rs.8195
2026-02-05 10:31,Death: The Deluxe Edition (2022 Edition),Rs.8195
2025-12-31 20:00,Doctor Strange By Jed Mackay Omnibus,Rs.19609
2025-12-31 20:09,Doctor Strange By Jed Mackay Omnibus,Rs.19609
2025-12-31 20:14,Doctor Strange By Jed Mackay Omnibus,Rs.19609
2025-12-31 20:26,Doctor Strange By Jed Mackay Omnibus,Rs.19609
2025-12-31 20:39,Doctor Strange By Jed Mackay Omnibus,Rs.19609
2025-12-31 20:46,Doctor Strange By Jed Mackay Omnibus,Rs.19609
2025-12-31 20:51,Doctor Strange By Jed Mackay Omnibus,Rs.19609
2025-12-31 21:02,Doctor Strange By Jed Mackay Omnibus,Rs.19609
2025-12-31 21:07,Doctor Strange By Jed Mackay Omnibus,Rs.19609
2026-01-01 10:14,Doctor Strange By Jed Mackay Omnibus,Rs.19609
2026-01-02 10:13,Doctor Strange By Jed Mackay Omnibus,Rs.19609
2026-01-03 10:12,Doctor Strange By Jed Mackay Omnibus,Rs.19609
2026-01-04 10:12,Doctor Strange By Jed Mackay Omnibus,Rs.19609
2026-01-05 10:16,Doctor Strange By Jed Mackay Omnibus,Rs.26145
2026-01-06 10:14,Doctor Strange By Jed Mackay Omnibus,Rs.26145
2026-01-07 10:15,Doctor Strange By Jed Mackay Omnibus,Rs.26145
2026-01-08 10:15,Doctor Strange By Jed Mackay Omnibus,Rs.26145
2026-01-09 10:14,Doctor Strange By Jed Mackay Omnibus,Rs.26145
2026-01-10 10:12,Doctor Strange By Jed Mackay Omnibus,Rs.26145
2026-01-11 10:12,Doctor Strange By Jed Mackay Omnibus,Rs.26145
2026-01-12 10:16,Doctor Strange By Jed Mackay Omnibus,Rs.26145
2026-01-13 10:14,Doctor Strange By Jed Mackay Omnibus,Rs.26145
2026-01-14 10:15,Doctor Strange By Jed Mackay Omnibus,Rs.26145
2026-01-15 10:14,Doctor Strange By Jed Mackay Omnibus,Rs.26145
2026-01-16 10:14,Doctor Strange By Jed Mackay Omnibus,Rs.26145
2026-01-17 10:12,Doctor Strange By Jed Mackay Omnibus,Rs.26145
2026-01-18 10:12,Doctor Strange By Jed Mackay Omnibus,Rs.26145
2026-01-19 10:18,Doctor Strange By Jed Mackay Omnibus,Rs.26145
2026-01-20 10:18,Doctor Strange By Jed Mackay Omnibus,Rs.26145
2026-01-21 10:17,Doctor Strange By Jed Mackay Omnibus,Rs.26145
2026-01-22 10:17,Doctor Strange By Jed Mackay Omnibus,Rs.26145
2026-01-23 10:15,Doctor Strange By Jed Mackay Omnibus,Rs.26145
2026-01-24 10:12,Doctor Strange By Jed Mackay Omnibus,Rs.26145
2026-01-25 10:12,Doctor Strange By Jed Mackay Omnibus,Rs.26145
2026-01-26 10:18,Doctor Strange By Jed Mackay Omnibus,Rs.26145
2026-01-27 10:17,Doctor Strange By Jed Mackay Omnibus,Rs.26145
2026-01-28 10:18,Doctor Strange By Jed Mackay Omnibus,Rs.26145
2026-01-29 10:27,Doctor Strange By Jed Mackay Omnibus,Rs.26145
2026-01-30 10:23,Doctor Strange By Jed Mackay Omnibus,Rs.26145
2026-01-31 10:14,Doctor Strange By Jed Mackay Omnibus,Rs.26145
2026-02-01 10:15,Doctor Strange By Jed Mackay Omnibus,Rs.26145
2026-02-02 10:34,Doctor Strange By Jed Mackay Omnibus,Rs.26145
2026-02-03 10:30,Doctor Strange By Jed Mackay Omnibus,Rs.26145
2026-02-04 10:29,Doctor Strange By Jed Mackay Omnibus,Rs.26145
2026-02-05 10:31,Doctor Strange By Jed Mackay Omnibus,Rs.26145
2025-12-31 20:00,Gotham Central Omnibus (2022 Edition),Rs.18784
2025-12-31 20:09,Gotham Central Omnibus (2022 Edition),Rs.18784
2025-12-31 20:14,Gotham Central Omnibus (2022 Edition),Rs.18784
2025-12-31 20:26,Gotham Central Omnibus (2022 Edition),Rs.18784
2025-12-31 20:39,Gotham Central Omnibus (2022 Edition),Rs.18784
2025-12-31 20:46,Gotham Central Omnibus (2022 Edition),Rs.18784
2025-12-31 20:51,Gotham Central Omnibus (2022 Edition),Rs.18784
2025-12-31 21:02,Gotham Central Omnibus (2022 Edition),Rs.18784
2025-12-31 21:07,Gotham Central Omnibus (2022 Edition),Rs.18784
2026-01-01 10:14,Gotham Central Omnibus (2022 Edition),Rs.18784
2026-01-02 10:13,Gotham Central Omnibus (2022 Edition),Rs.18784
2026-01-03 10:12,Gotham Central Omnibus (2022 Edition),Rs.18784
2026-01-04 10:12,Gotham Central Omnibus (2022 Edition),Rs.18784
2026-01-05 10:16,Gotham Central Omnibus (2022 Edition),Rs.25045
2026-01-06 10:14,Gotham Central Omnibus (2022 Edition),Rs.25045
2026-01-07 10:15,Gotham Central Omnibus (2022 Edition),Rs.25045
2026-01-08 10:15,Gotham Central Omnibus (2022 Edition),Rs.25045
2026-01-09 10:14,Gotham Central Omnibus (2022 Edition),Rs.25045
2026-01-10 10:12,Gotham Central Omnibus (2022 Edition),Rs.25045
2026-01-11 10:12,Gotham Central Omnibus (2022 Edition),Rs.25045
2026-01-12 10:16,Gotham Central Omnibus (2022 Edition),Rs.25045
2026-01-13 10:14,Gotham Central Omnibus (2022 Edition),Rs.25045
2026-01-14 10:15,Gotham Central Omnibus (2022 Edition),Rs.25045
2026-01-15 10:14,Gotham Central Omnibus (2022 Edition),Rs.25045
2026-01-16 10:14,Gotham Central Omnibus (2022 Edition),Rs.25045
2026-01-17 10:12,Gotham Central Omnibus (2022 Edition),Rs.25045
2026-01-18 10:12,Gotham Central Omnibus (2022 Edition),Rs.25045
2026-01-19 10:18,Gotham Central Omnibus (2022 Edition),Rs.25045
2026-01-20 10:18,Gotham Central Omnibus (2022 Edition),Rs.25045
2026-01-21 10:17,Gotham Central Omnibus (2022 Edition),Rs.25045
2026-01-22 10:17,Gotham Central Omnibus (2022 Edition),Rs.25045
2026-01-23 10:15,Gotham Central Omnibus (2022 Edition),Rs.25045
2026-01-24 10:12,Gotham Central Omnibus (2022 Edition),Rs.25045
2026-01-25 10:12,Gotham Central Omnibus (2022 Edition),Rs.25045
2026-01-26 10:18,Gotham Central Omnibus (2022 Edition),Rs.25045
2026-01-27 10:17,Gotham Central Omnibus (2022 Edition),Rs.25045
2026-01-28 10:18,Gotham Central Omnibus (2022 Edition),Rs.25045
2026-01-29 10:27,Gotham Central Omnibus (2022 Edition),Rs.25045
2026-01-30 10:23,Gotham Central Omnibus (2022 Edition),Rs.25045
2026-01-31 10:14,Gotham Central Omnibus (2022 Edition),Rs.25045
2026-02-01 10:15,Gotham Central Omnibus (2022 Edition),Rs.25045
2026-02-02 10:34,Gotham Central Omnibus (2022 Edition),Rs.25045
2026-02-03 10:30,Gotham Central Omnibus (2022 Edition),Rs.25045
2026-02-04 10:29,Gotham Central Omnibus (2022 Edition),Rs.25045
2026-02-05 10:31,Gotham Central Omnibus (2022 Edition),Rs.25045
2025-12-31 20:00,Green Lantern: Earth One (Volume 1),Rs.4721
2025-12-31 20:09,Green Lantern: Earth One (Volume 1),Rs.4721
2025-12-31 20:14,Green Lantern: Earth One (Volume 1),Rs.4721
2025-12-31 20:26,Green Lantern: Earth One (Volume 1),Rs.4721
2025-12-31 20:39,Green Lantern: Earth One (Volume 1),Rs.4721
2025-12-31 20:46,Green Lantern: Earth One (Volume 1),Rs.4721
2025-12-31 20:51,Green Lantern: Earth One (Volume 1),Rs.4721
2025-12-31 21:02,Green Lantern: Earth One (Volume 1),Rs.4721
2025-12-31 21:07,Green Lantern: Earth One (Volume 1),Rs.4721
2026-01-01 10:14,Green Lantern: Earth One (Volume 1),Rs.4721
2026-01-02 10:13,Green Lantern: Earth One (Volume 1),Rs.4721
2026-01-03 10:12,Green Lantern: Earth One (Volume 1),Rs.4721
2026-01-04 10:12,Green Lantern: Earth One (Volume 1),Rs.4721
2026-01-05 10:16,Green Lantern: Earth One (Volume 1),Rs.6295
2026-01-06 10:14,Green Lantern: Earth One (Volume 1),Rs.6295
2026-01-07 10:15,Green Lantern: Earth One (Volume 1),Rs.6295
2026-01-08 10:15,Green Lantern: Earth One (Volume 1),Rs.6295
2026-01-09 10:14,Green Lantern: Earth One (Volume 1),Rs.6295
2026-01-10 10:12,Green Lantern: Earth One (Volume 1),Rs.6295
2026-01-11 10:12,Green Lantern: Earth One (Volume 1),Rs.6295
2026-01-12 10:16,Green Lantern: Earth One (Volume 1),Rs.6295
2026-01-13 10:14,Green Lantern: Earth One (Volume 1),Rs.6295
2026-01-14 10:15,Green Lantern: Earth One (Volume 1),Rs.6295
2026-01-15 10:14,Green Lantern: Earth One (Volume 1),Rs.6295
2026-01-16 10:14,Green Lantern: Earth One (Volume 1),Rs.6295
2026-01-17 10:12,Green Lantern: Earth One (Volume 1),Rs.6295
2026-01-18 10:12,Green Lantern: Earth One (Volume 1),Rs.6295
2026-01-19 10:18,Green Lantern: Earth One (Volume 1),Rs.6295
2026-01-20 10:18,Green Lantern: Earth One (Volume 1),Rs.6295
2026-01-21 10:17,Green Lantern: Earth One (Volume 1),Rs.6295
2026-01-22 10:17,Green Lantern: Earth One (Volume 1),Rs.6295
2026-01-23 10:15,Green Lantern: Earth One (Volume 1),Rs.6295
2026-01-24 10:12,Green Lantern: Earth One (Volume 1),Rs.6295
2026-01-25 10:12,Green Lantern: Earth One (Volume 1),Rs.6295
2026-01-26 10:18,Green Lantern: Earth One (Volume 1),Rs.6295
2026-01-27 10:17,Green Lantern: Earth One (Volume 1),Rs.6295
2026-01-28 10:18,Green Lantern: Earth One (Volume 1),Rs.6295
2026-01-29 10:27,Green Lantern: Earth One (Volume 1),Rs.6295
2026-01-30 10:23,Green Lantern: Earth One (Volume 1),Rs.6295
2026-01-31 10:14,Green Lantern: Earth One (Volume 1),Rs.6295
2026-02-01 10:15,Green Lantern: Earth One (Volume 1),Rs.6295
2026-02-02 10:34,Green Lantern: Earth One (Volume 1),Rs.6295
2026-02-03 10:30,Green Lantern: Earth One (Volume 1),Rs.6295
2026-02-04 10:29,Green Lantern: Earth One (Volume 1),Rs.6295
2026-02-05 10:31,Green Lantern: Earth One (Volume 1),Rs.6295
2025-12-31 20:00,Hawkeye By Fraction & Aja Omnibus [New Printing],Rs.18409
2025-12-31 20:09,Hawkeye By Fraction & Aja Omnibus [New Printing],Rs.18409
2025-12-31 20:14,Hawkeye By Fraction & Aja Omnibus [New Printing],Rs.18409
2025-12-31 20:26,Hawkeye By Fraction & Aja Omnibus [New Printing],Rs.18409
2025-12-31 20:39,Hawkeye By Fraction & Aja Omnibus [New Printing],Rs.18409
2025-12-31 20:46,Hawkeye By Fraction & Aja Omnibus [New Printing],Rs.18409
2025-12-31 20:51,Hawkeye By Fraction & Aja Omnibus [New Printing],Rs.18409
2025-12-31 21:02,Hawkeye By Fraction & Aja Omnibus [New Printing],Rs.18409
2025-12-31 21:07,Hawkeye By Fraction & Aja Omnibus [New Printing],Rs.18409
2026-01-01 10:14,Hawkeye By Fraction & Aja Omnibus [New Printing],Rs.18409
2026-01-02 10:13,Hawkeye By Fraction & Aja Omnibus [New Printing],Rs.18409
2026-01-03 10:12,Hawkeye By Fraction & Aja Omnibus [New Printing],Rs.18409
2026-01-04 10:12,Hawkeye By Fraction & Aja Omnibus [New Printing],Rs.18409
2026-01-05 10:16,Hawkeye By Fraction & Aja Omnibus [New Printing],Rs.24545
2026-01-06 10:14,Hawkeye By Fraction & Aja Omnibus [New Printing],Rs.24545
2026-01-07 10:15,Hawkeye By Fraction & Aja Omnibus [New Printing],Rs.24545
2026-01-08 10:15,Hawkeye By Fraction & Aja Omnibus [New Printing],Rs.24545
2026-01-09 10:14,Hawkeye By Fraction & Aja Omnibus [New Printing],Rs.24545
2026-01-10 10:12,Hawkeye By Fraction & Aja Omnibus [New Printing],Rs.24545
2026-01-11 10:12,Hawkeye By Fraction & Aja Omnibus [New Printing],Rs.24545
2026-01-12 10:16,Hawkeye By Fraction & Aja Omnibus [New Printing],Rs.24545
2026-01-13 10:14,Hawkeye By Fraction & Aja Omnibus [New Printing],Rs.24545
2026-01-14 10:15,Hawkeye By Fraction & Aja Omnibus [New Printing],Rs.24545
2026-01-15 10:14,Hawkeye By Fraction & Aja Omnibus [New Printing],Rs.24545
2026-01-16 10:14,Hawkeye By Fraction & Aja Omnibus [New Printing],Rs.24545
2026-01-17 10:12,Hawkeye By Fraction & Aja Omnibus [New Printing],Rs.24545
2026-01-18 10:12,Hawkeye By Fraction & Aja Omnibus [New Printing],Rs.24545
2026-01-19 10:18,Hawkeye By Fraction & Aja Omnibus [New Printing],Rs.24545
2026-01-20 10:18,Hawkeye By Fraction & Aja Omnibus [New Printing],Rs.24545
2026-01-21 10:17,Hawkeye By Fraction & Aja Omnibus [New Printing],Rs.24545
2026-01-22 10:17,Hawkeye By Fraction & Aja Omnibus [New Printing],Rs.24545
2026-01-23 10:15,Hawkeye By Fraction & Aja Omnibus [New Printing],Rs.24545
2026-01-24 10:12,Hawkeye By Fraction & Aja Omnibus [New Printing],Rs.24545
2026-01-25 10:12,Hawkeye By Fraction & Aja Omnibus [New Printing],Rs.24545
2026-01-26 10:18,Hawkeye By Fraction & Aja Omnibus [New Printing],Rs.24545
2026-01-27 10:17,Hawkeye By Fraction & Aja Omnibus [New Printing],Rs.24545
2026-01-28 10:18,Hawkeye By Fraction & Aja Omnibus [New Printing],Rs.24545
2026-01-29 10:27,Hawkeye By Fraction & Aja Omnibus [New Printing],Rs.24545
2026-01-30 10:23,Hawkeye By Fraction & Aja Omnibus [New Printing],Rs.24545
2026-01-31 10:14,Hawkeye By Fraction & Aja Omnibus [New Printing],Rs.24545
2026-02-01 10:15,Hawkeye By Fraction & Aja Omnibus [New Printing],Rs.24545
2026-02-02 10:34,Hawkeye By Fraction & Aja Omnibus [New Printing],Rs.24545
2026-02-03 10:30,Hawkeye By Fraction & Aja Omnibus [New Printing],Rs.24545
2026-02-04 10:29,Hawkeye By Fraction & Aja Omnibus [New Printing],Rs.24545
2026-02-05 10:31,Hawkeye By Fraction & Aja Omnibus [New Printing],Rs.24545
2025-12-31 20:00,Loki: God Of Stories Omnibus,Rs.23996
2025-12-31 20:09,Loki: God Of Stories Omnibus,Rs.23996
2025-12-31 20:14,Loki: God Of Stories Omnibus,Rs.23996
2025-12-31 20:26,Loki: God Of Stories Omnibus,Rs.23996
2025-12-31 20:39,Loki: God Of Stories Omnibus,Rs.23996
2025-12-31 20:46,Loki: God Of Stories Omnibus,Rs.23996
2025-12-31 20:51,Loki: God Of Stories Omnibus,Rs.23996
2025-12-31 21:02,Loki: God Of Stories Omnibus,Rs.23996
2025-12-31 21:07,Loki: God Of Stories Omnibus,Rs.23996
2026-01-01 10:14,Loki: God Of Stories Omnibus,Rs.23996
2026-01-02 10:13,Loki: God Of Stories Omnibus,Rs.23996
2026-01-03 10:12,Loki: God Of Stories Omnibus,Rs.23996
2026-01-04 10:12,Loki: God Of Stories Omnibus,Rs.23996
2026-01-05 10:16,Loki: God Of Stories Omnibus,Rs.31995
2026-01-06 10:14,Loki: God Of Stories Omnibus,Rs.31995
2026-01-07 10:15,Loki: God Of Stories Omnibus,Rs.31995
2026-01-08 10:15,Loki: God Of Stories Omnibus,Rs.31995
2026-01-09 10:14,Loki: God Of Stories Omnibus,Rs.31995
2026-01-10 10:12,Loki: God Of Stories Omnibus,Rs.31995
2026-01-11 10:12,Loki: God Of Stories Omnibus,Rs.31995
2026-01-12 10:16,Loki: God Of Stories Omnibus,Rs.31995
2026-01-13 10:14,Loki: God Of Stories Omnibus,Rs.31995
2026-01-14 10:15,Loki: God Of Stories Omnibus,Rs.31995
2026-01-15 10:14,Loki: God Of Stories Omnibus,Rs.31995
2026-01-16 10:14,Loki: God Of Stories Omnibus,Rs.31995
2026-01-17 10:12,Loki: God Of Stories Omnibus,Rs.31995
2026-01-18 10:12,Loki: God Of Stories Omnibus,Rs.31995
2026-01-19 10:18,Loki: God Of Stories Omnibus,Rs.31995
2026-01-20 10:18,Loki: God Of Stories Omnibus,Rs.31995
2026-01-21 10:17,Loki: God Of Stories Omnibus,Rs.31995
2026-01-22 10:17,Loki: God Of Stories Omnibus,Rs.31995
2026-01-23 10:15,Loki: God Of Stories Omnibus,Rs.31995
2026-01-24 10:12,Loki: God Of Stories Omnibus,Rs.31995
2026-01-25 10:12,Loki: God Of Stories Omnibus,Rs.31995
2026-01-26 10:18,Loki: God Of Stories Omnibus,Rs.31995
2026-01-27 10:17,Loki: God Of Stories Omnibus,Rs.31995
2026-01-28 10:18,Loki: God Of Stories Omnibus,Rs.31995
2026-01-29 10:27,Loki: God Of Stories Omnibus,Rs.31995
2026-01-30 10:23,Loki: God Of Stories Omnibus,Rs.31995
2026-01-31 10:14,Loki: God Of Stories Omnibus,Rs.31995
2026-02-01 10:15,Loki: God Of Stories Omnibus,Rs.31995
2026-02-02 10:34,Loki: God Of Stories Omnibus,Rs.31995
2026-02-03 10:30,Loki: God Of Stories Omnibus,Rs.31995
2026-02-04 10:29,Loki: God Of Stories Omnibus,Rs.31995
2026-02-05 10:31,Loki: God Of Stories Omnibus,Rs.31995
2025-12-31 20:00,Lucifer Omnibus Vol. 1 (The Sandman Universe Classics),Rs.23471
2025-12-31 20:09,Lucifer Omnibus Vol. 1 (The Sandman Universe Classics),Rs.23471
2025-12-31 20:14,Lucifer Omnibus Vol. 1 (The Sandman Universe Classics),Rs.23471
2025-12-31 20:26,Lucifer Omnibus Vol. 1 (The Sandman Universe Classics),Rs.23471
2025-12-31 20:39,Lucifer Omnibus Vol. 1 (The Sandman Universe Classics),Rs.23471
2025-12-31 20:46,Lucifer Omnibus Vol. 1 (The Sandman Universe Classics),Rs.23471
2025-12-31 20:51,Lucifer Omnibus Vol. 1 (The Sandman Universe Classics),Rs.23471
2025-12-31 21:02,Lucifer Omnibus Vol. 1 (The Sandman Universe Classics),Rs.23471
2025-12-31 21:07,Lucifer Omnibus Vol. 1 (The Sandman Universe Classics),Rs.23471
2026-01-01 10:14,Lucifer Omnibus Vol. 1 (The Sandman Universe Classics),Rs.23471
2026-01-02 10:13,Lucifer Omnibus Vol. 1 (The Sandman Universe Classics),Rs.23471
2026-01-03 10:12,Lucifer Omnibus Vol. 1 (The Sandman Universe Classics),Rs.23471
2026-01-04 10:12,Lucifer Omnibus Vol. 1 (The Sandman Universe Classics),Rs.23471
2026-01-05 10:16,Lucifer Omnibus Vol. 1 (The Sandman Universe Classics),Rs.31295
2026-01-06 10:14,Lucifer Omnibus Vol. 1 (The Sandman Universe Classics),Rs.31295
2026-01-07 10:15,Lucifer Omnibus Vol. 1 (The Sandman Universe Classics),Rs.31295
2026-01-08 10:15,Lucifer Omnibus Vol. 1 (The Sandman Universe Classics),Rs.31295
2026-01-09 10:14,Lucifer Omnibus Vol. 1 (The Sandman Universe Classics),Rs.31295
2026-01-10 10:12,Lucifer Omnibus Vol. 1 (The Sandman Universe Classics),Rs.31295
2026-01-11 10:12,Lucifer Omnibus Vol. 1 (The Sandman Universe Classics),Rs.31295
2026-01-12 10:16,Lucifer Omnibus Vol. 1 (The Sandman Universe Classics),Rs.31295
2026-01-13 10:14,Lucifer Omnibus Vol. 1 (The Sandman Universe Classics),Rs.31295
2026-01-14 10:15,Lucifer Omnibus Vol. 1 (The Sandman Universe Classics),Rs.31295
2026-01-15 10:14,Lucifer Omnibus Vol. 1 (The Sandman Universe Classics),Rs.31295
2026-01-16 10:14,Lucifer Omnibus Vol. 1 (The Sandman Universe Classics),Rs.31295
2026-01-17 10:12,Lucifer Omnibus Vol. 1 (The Sandman Universe Classics),Rs.31295
2026-01-18 10:12,Lucifer Omnibus Vol. 1 (The Sandman Universe Classics),Rs.31295
2026-01-19 10:18,Lucifer Omnibus Vol. 1 (The Sandman Universe Classics),Rs.31295
2026-01-20 10:18,Lucifer Omnibus Vol. 1 (The Sandman Universe Classics),Rs.31295
2026-01-21 10:17,Lucifer Omnibus Vol. 1 (The Sandman Universe Classics),Rs.31295
2026-01-22 10:17,Lucifer Omnibus Vol. 1 (The Sandman Universe Classics),Rs.31295
2026-01-23 10:15,Lucifer Omnibus Vol. 1 (The Sandman Universe Classics),Rs.31295
2026-01-24 10:12,Lucifer Omnibus Vol. 1 (The Sandman Universe Classics),Rs.31295
2026-01-25 10:12,Lucifer Omnibus Vol. 1 (The Sandman Universe Classics),Rs.31295
2026-01-26 10:18,Lucifer Omnibus Vol. 1 (The Sandman Universe Classics),Rs.31295
2026-01-27 10:17,Lucifer Omnibus Vol. 1 (The Sandman Universe Classics),Rs.31295
2026-01-28 10:18,Lucifer Omnibus Vol. 1 (The Sandman Universe Classics),Rs.31295
2026-01-29 10:27,Lucifer Omnibus Vol. 1 (The Sandman Universe Classics),Rs.31295
2026-01-30 10:23,Lucifer Omnibus Vol. 1 (The Sandman Universe Classics),Rs.31295
2026-01-31 10:14,Lucifer Omnibus Vol. 1 (The Sandman Universe Classics),Rs.31295
2026-02-01 10:15,Lucifer Omnibus Vol. 1 (The Sandman Universe Classics),Rs.31295
2026-02-02 10:34,Lucifer Omnibus Vol. 1 (The Sandman Universe Classics),Rs.31295
2026-02-03 10:30,Lucifer Omnibus Vol. 1 (The Sandman Universe Classics),Rs.31295
2026-02-04 10:29,Lucifer Omnibus Vol. 1 (The Sandman Universe Classics),Rs.31295
2026-02-05 10:31,Lucifer Omnibus Vol. 1 (The Sandman Universe Classics),Rs.31295
2025-12-31 20:00,Lucifer Omnibus Vol. 2 (The Sandman Universe Classics),Rs.23359
2025-12-31 20:09,Lucifer Omnibus Vol. 2 (The Sandman Universe Classics),Rs.23359
2025-12-31 20:14,Lucifer Omnibus Vol. 2 (The Sandman Universe Classics),Rs.23359
2025-12-31 20:26,Lucifer Omnibus Vol. 2 (The Sandman Universe Classics),Rs.23359
2025-12-31 20:39,Lucifer Omnibus Vol. 2 (The Sandman Universe Classics),Rs.23359
2025-12-31 20:46,Lucifer Omnibus Vol. 2 (The Sandman Universe Classics),Rs.23359
2025-12-31 20:51,Lucifer Omnibus Vol. 2 (The Sandman Universe Classics),Rs.23359
2025-12-31 21:02,Lucifer Omnibus Vol. 2 (The Sandman Universe Classics),Rs.23359
2025-12-31 21:07,Lucifer Omnibus Vol. 2 (The Sandman Universe Classics),Rs.23359
2026-01-01 10:14,Lucifer Omnibus Vol. 2 (The Sandman Universe Classics),Rs.23359
2026-01-02 10:13,Lucifer Omnibus Vol. 2 (The Sandman Universe Classics),Rs.23359
2026-01-03 10:12,Lucifer Omnibus Vol. 2 (The Sandman Universe Classics),Rs.23359
2026-01-04 10:12,Lucifer Omnibus Vol. 2 (The Sandman Universe Classics),Rs.23359
2026-01-05 10:16,Lucifer Omnibus Vol. 2 (The Sandman Universe Classics),Rs.31145
2026-01-06 10:14,Lucifer Omnibus Vol. 2 (The Sandman Universe Classics),Rs.31145
2026-01-07 10:15,Lucifer Omnibus Vol. 2 (The Sandman Universe Classics),Rs.31145
2026-01-08 10:15,Lucifer Omnibus Vol. 2 (The Sandman Universe Classics),Rs.31145
2026-01-09 10:14,Lucifer Omnibus Vol. 2 (The Sandman Universe Classics),Rs.31145
2026-01-10 10:12,Lucifer Omnibus Vol. 2 (The Sandman Universe Classics),Rs.31145
2026-01-11 10:12,Lucifer Omnibus Vol. 2 (The Sandman Universe Classics),Rs.31145
2026-01-12 10:16,Lucifer Omnibus Vol. 2 (The Sandman Universe Classics),Rs.31145
2026-01-13 10:14,Lucifer Omnibus Vol. 2 (The Sandman Universe Classics),Rs.31145
2026-01-14 10:15,Lucifer Omnibus Vol. 2 (The Sandman Universe Classics),Rs.31145
2026-01-15 10:14,Lucifer Omnibus Vol. 2 (The Sandman Universe Classics),Rs.31145
2026-01-16 10:14,Lucifer Omnibus Vol. 2 (The Sandman Universe Classics),Rs.31145
2026-01-17 10:12,Lucifer Omnibus Vol. 2 (The Sandman Universe Classics),Rs.31145
2026-01-18 10:12,Lucifer Omnibus Vol. 2 (The Sandman Universe Classics),Rs.31145
2026-01-19 10:18,Lucifer Omnibus Vol. 2 (The Sandman Universe Classics),Rs.31145
2026-01-20 10:18,Lucifer Omnibus Vol. 2 (The Sandman Universe Classics),Rs.31145
2026-01-21 10:17,Lucifer Omnibus Vol. 2 (The Sandman Universe Classics),Rs.31145
2026-01-22 10:17,Lucifer Omnibus Vol. 2 (The Sandman Universe Classics),Rs.31145
2026-01-23 10:15,Lucifer Omnibus Vol. 2 (The Sandman Universe Classics),Rs.31145
2026-01-24 10:12,Lucifer Omnibus Vol. 2 (The Sandman Universe Classics),Rs.31145
2026-01-25 10:12,Lucifer Omnibus Vol. 2 (The Sandman Universe Classics),Rs.31145
2026-01-26 10:18,Lucifer Omnibus Vol. 2 (The Sandman Universe Classics),Rs.31145
2026-01-27 10:17,Lucifer Omnibus Vol. 2 (The Sandman Universe Classics),Rs.31145
2026-01-28 10:18,Lucifer Omnibus Vol. 2 (The Sandman Universe Classics),Rs.31145
2026-01-29 10:27,Lucifer Omnibus Vol. 2 (The Sandman Universe Classics),Rs.31145
2026-01-30 10:23,Lucifer Omnibus Vol. 2 (The Sandman Universe Classics),Rs.31145
2026-01-31 10:14,Lucifer Omnibus Vol. 2 (The Sandman Universe Classics),Rs.31145
2026-02-01 10:15,Lucifer Omnibus Vol. 2 (The Sandman Universe Classics),Rs.31145
2026-02-02 10:34,Lucifer Omnibus Vol. 2 (The Sandman Universe Classics),Rs.31145
2026-02-03 10:30,Lucifer Omnibus Vol. 2 (The Sandman Universe Classics),Rs.31145
2026-02-04 10:29,Lucifer Omnibus Vol. 2 (The Sandman Universe Classics),Rs.31145
2026-02-05 10:31,Lucifer Omnibus Vol. 2 (The Sandman Universe Classics),Rs.31145
2025-12-31 20:00,Noel: Batman (Volume 1),Rs.3971
2025-12-31 20:09,Noel: Batman (Volume 1),Rs.3971
2025-12-31 20:14,Noel: Batman (Volume 1),Rs.3971
2025-12-31 20:26,Noel: Batman (Volume 1),Rs.3971
2025-12-31 20:39,Noel: Batman (Volume 1),Rs.3971
2025-12-31 20:46,Noel: Batman (Volume 1),Rs.3971
2025-12-31 20:51,Noel: Batman (Volume 1),Rs.3971
2025-12-31 21:02,Noel: Batman (Volume 1),Rs.3971
2025-12-31 21:07,Noel: Batman (Volume 1),Rs.3971
2026-01-01 10:14,Noel: Batman (Volume 1),Rs.3971
2026-01-02 10:13,Noel: Batman (Volume 1),Rs.3971
2026-01-03 10:12,Noel: Batman (Volume 1),Rs.3971
2026-01-04 10:12,Noel: Batman (Volume 1),Rs.3971
2026-01-05 10:16,Noel: Batman (Volume 1),Rs.5295
2026-01-06 10:14,Noel: Batman (Volume 1),Rs.5295
2026-01-07 10:15,Noel: Batman (Volume 1),Rs.5295
2026-01-08 10:15,Noel: Batman (Volume 1),Rs.5295
2026-01-09 10:14,Noel: Batman (Volume 1),Rs.5295
2026-01-10 10:12,Noel: Batman (Volume 1),Rs.5295
2026-01-11 10:12,Noel: Batman (Volume 1),Rs.5295
2026-01-12 10:16,Noel: Batman (Volume 1),Rs.5295
2026-01-13 10:14,Noel: Batman (Volume 1),Rs.5295
2026-01-14 10:15,Noel: Batman (Volume 1),Rs.5295
2026-01-15 10:14,Noel: Batman (Volume 1),Rs.5295
2026-01-16 10:14,Noel: Batman (Volume 1),Rs.5295
2026-01-17 10:12,Noel: Batman (Volume 1),Rs.5295
2026-01-18 10:12,Noel: Batman (Volume 1),Rs.5295
2026-01-19 10:18,Noel: Batman (Volume 1),Rs.5295
2026-01-20 10:18,Noel: Batman (Volume 1),Rs.5295
2026-01-21 10:17,Noel: Batman (Volume 1),Rs.5295
2026-01-22 10:17,Noel: Batman (Volume 1),Rs.5295
2026-01-23 10:15,Noel: Batman (Volume 1),Rs.5295
2026-01-24 10:12,Noel: Batman (Volume 1),Rs.5295
2026-01-25 10:12,Noel: Batman (Volume 1),Rs.5295
2026-01-26 10:18,Noel: Batman (Volume 1),Rs.5295
2026-01-27 10:17,Noel: Batman (Volume 1),Rs.5295
2026-01-28 10:18,Noel: Batman (Volume 1),Rs.5295
2026-01-29 10:27,Noel: Batman (Volume 1),Rs.5295
2026-01-30 10:23,Noel: Batman (Volume 1),Rs.5295
2026-01-31 10:14,Noel: Batman (Volume 1),Rs.5295
2026-02-01 10:15,Noel: Batman (Volume 1),Rs.5295
2026-02-02 10:34,Noel: Batman (Volume 1),Rs.5295
2026-02-03 10:30,Noel: Batman (Volume 1),Rs.5295
2026-02-04 10:29,Noel: Batman (Volume 1),Rs.5295
2026-02-05 10:31,Noel: Batman (Volume 1),Rs.5295
2025-12-31 20:00,Spider-Man By Chip Zdarsky Omnibus,Rs.23846
2025-12-31 20:09,Spider-Man By Chip Zdarsky Omnibus,Rs.23846
2025-12-31 20:14,Spider-Man By Chip Zdarsky Omnibus,Rs.23846
2025-12-31 20:26,Spider-Man By Chip Zdarsky Omnibus,Rs.23846
2025-12-31 20:39,Spider-Man By Chip Zdarsky Omnibus,Rs.23846
2025-12-31 20:46,Spider-Man By Chip Zdarsky Omnibus,Rs.23846
2025-12-31 20:51,Spider-Man By Chip Zdarsky Omnibus,Rs.23846
2025-12-31 21:02,Spider-Man By Chip Zdarsky Omnibus,Rs.23846
2025-12-31 21:07,Spider-Man By Chip Zdarsky Omnibus,Rs.23846
2026-01-01 10:14,Spider-Man By Chip Zdarsky Omnibus,Rs.23846
2026-01-02 10:13,Spider-Man By Chip Zdarsky Omnibus,Rs.23846
2026-01-03 10:12,Spider-Man By Chip Zdarsky Omnibus,Rs.23846
2026-01-04 10:12,Spider-Man By Chip Zdarsky Omnibus,Rs.23846
2026-01-05 10:16,Spider-Man By Chip Zdarsky Omnibus,Rs.31795
2026-01-06 10:14,Spider-Man By Chip Zdarsky Omnibus,Rs.31795
2026-01-07 10:15,Spider-Man By Chip Zdarsky Omnibus,Rs.31795
2026-01-08 10:15,Spider-Man By Chip Zdarsky Omnibus,Rs.31795
2026-01-09 10:14,Spider-Man By Chip Zdarsky Omnibus,Rs.31795
2026-01-10 10:12,Spider-Man By Chip Zdarsky Omnibus,Rs.31795
2026-01-11 10:12,Spider-Man By Chip Zdarsky Omnibus,Rs.31795
2026-01-12 10:16,Spider-Man By Chip Zdarsky Omnibus,Rs.31795
2026-01-13 10:14,Spider-Man By Chip Zdarsky Omnibus,Rs.31795
2026-01-14 10:15,Spider-Man By Chip Zdarsky Omnibus,Rs.31795
2026-01-15 10:14,Spider-Man By Chip Zdarsky Omnibus,Rs.31795
2026-01-16 10:14,Spider-Man By Chip Zdarsky Omnibus,Rs.31795
2026-01-17 10:12,Spider-Man By Chip Zdarsky Omnibus,Rs.31795
2026-01-18 10:12,Spider-Man By Chip Zdarsky Omnibus,Rs.31795
2026-01-19 10:18,Spider-Man By Chip Zdarsky Omnibus,Rs.31795
2026-01-20 10:18,Spider-Man By Chip Zdarsky Omnibus,Rs.31795
2026-01-21 10:17,Spider-Man By Chip Zdarsky Omnibus,Rs.31795
2026-01-22 10:17,Spider-Man By Chip Zdarsky Omnibus,Rs.31795
2026-01-23 10:15,Spider-Man By Chip Zdarsky Omnibus,Rs.31795
2026-01-24 10:12,Spider-Man By Chip Zdarsky Omnibus,Rs.31795
2026-01-25 10:12,Spider-Man By Chip Zdarsky Omnibus,Rs.31795
2026-01-26 10:18,Spider-Man By Chip Zdarsky Omnibus,Rs.31795
2026-01-27 10:17,Spider-Man By Chip Zdarsky Omnibus,Rs.31795
2026-01-28 10:18,Spider-Man By Chip Zdarsky Omnibus,Rs.31795
2026-01-29 10:27,Spider-Man By Chip Zdarsky Omnibus,Rs.31795
2026-01-30 10:23,Spider-Man By Chip Zdarsky Omnibus,Rs.31795
2026-01-31 10:14,Spider-Man By Chip Zdarsky Omnibus,Rs.31795
2026-02-01 10:15,Spider-Man By Chip Zdarsky Omnibus,Rs.31795
2026-02-02 10:34,Spider-Man By Chip Zdarsky Omnibus,Rs.31795
2026-02-03 10:30,Spider-Man By Chip Zdarsky Omnibus,Rs.31795
2026-02-04 10:29,Spider-Man By Chip Zdarsky Omnibus,Rs.31795
2026-02-05 10:31,Spider-Man By Chip Zdarsky Omnibus,Rs.31795
2025-12-31 20:00,Superior Spider-Man Omnibus Vol. 1,Rs.23884
2025-12-31 20:09,Superior Spider-Man Omnibus Vol. 1,Rs.23884
2025-12-31 20:14,Superior Spider-Man Omnibus Vol. 1,Rs.23884
2025-12-31 20:26,Superior Spider-Man Omnibus Vol. 1,Rs.23884
2025-12-31 20:39,Superior Spider-Man Omnibus Vol. 1,Rs.23884
2025-12-31 20:46,Superior Spider-Man Omnibus Vol. 1,Rs.23884
2025-12-31 20:51,Superior Spider-Man Omnibus Vol. 1,Rs.23884
2025-12-31 21:02,Superior Spider-Man Omnibus Vol. 1,Rs.23884
2025-12-31 21:07,Superior Spider-Man Omnibus Vol. 1,Rs.23884
2026-01-01 10:14,Superior Spider-Man Omnibus Vol. 1,Rs.23884
2026-01-02 10:13,Superior Spider-Man Omnibus Vol. 1,Rs.23884
2026-01-03 10:12,Superior Spider-Man Omnibus Vol. 1,Rs.23884
2026-01-04 10:12,Superior Spider-Man Omnibus Vol. 1,Rs.23884
2026-01-05 10:16,Superior Spider-Man Omnibus Vol. 1,Rs.31845
2026-01-06 10:14,Superior Spider-Man Omnibus Vol. 1,Rs.31845
2026-01-07 10:15,Superior Spider-Man Omnibus Vol. 1,Rs.31845
2026-01-08 10:15,Superior Spider-Man Omnibus Vol. 1,Rs.31845
2026-01-09 10:14,Superior Spider-Man Omnibus Vol. 1,Rs.31845
2026-01-10 10:12,Superior Spider-Man Omnibus Vol. 1,Rs.31845
2026-01-11 10:12,Superior Spider-Man Omnibus Vol. 1,Rs.31845
2026-01-12 10:16,Superior Spider-Man Omnibus Vol. 1,Rs.31845
2026-01-13 10:14,Superior Spider-Man Omnibus Vol. 1,Rs.31845
2026-01-14 10:15,Superior Spider-Man Omnibus Vol. 1,Rs.31845
2026-01-15 10:14,Superior Spider-Man Omnibus Vol. 1,Rs.31845
2026-01-16 10:14,Superior Spider-Man Omnibus Vol. 1,Rs.31845
2026-01-17 10:12,Superior Spider-Man Omnibus Vol. 1,Rs.31845
2026-01-18 10:12,Superior Spider-Man Omnibus Vol. 1,Rs.31845
2026-01-19 10:18,Superior Spider-Man Omnibus Vol. 1,Rs.31845
2026-01-20 10:18,Superior Spider-Man Omnibus Vol. 1,Rs.31845
2026-01-21 10:17,Superior Spider-Man Omnibus Vol. 1,Rs.31845
2026-01-22 10:17,Superior Spider-Man Omnibus Vol. 1,Rs.31845
2026-01-23 10:15,Superior Spider-Man Omnibus Vol. 1,Rs.31845
2026-01-24 10:12,Superior Spider-Man Omnibus Vol. 1,Rs.31845
2026-01-25 10:12,Superior Spider-Man Omnibus Vol. 1,Rs.31845
2026-01-26 10:18,Superior Spider-Man Omnibus Vol. 1,Rs.31845
2026-01-27 10:17,Superior Spider-Man Omnibus Vol. 1,Rs.31845
2026-01-28 10:18,Superior Spider-Man Omnibus Vol. 1,Rs.31845
2026-01-29 10:27,Superior Spider-Man Omnibus Vol. 1,Rs.31845
2026-01-30 10:23,Superior Spider-Man Omnibus Vol. 1,Rs.31845
2026-01-31 10:14,Superior Spider-Man Omnibus Vol. 1,Rs.31845
2026-02-01 10:15,Superior Spider-Man Omnibus Vol. 1,Rs.31845
2026-02-02 10:34,Superior Spider-Man Omnibus Vol. 1,Rs.31845
2026-02-03 10:30,Superior Spider-Man Omnibus Vol. 1,Rs.31845
2026-02-04 10:29,Superior Spider-Man Omnibus Vol. 1,Rs.31845
2026-02-05 10:31,Superior Spider-Man Omnibus Vol. 1,Rs.31845
2025-12-31 20:00,Superman By Kurt Busiek Book One,Rs.9521
2025-12-31 20:09,Superman By Kurt Busiek Book One,Rs.9521
2025-12-31 20:14,Superman By Kurt Busiek Book One,Rs.9521
2025-12-31 20:26,Superman By Kurt Busiek Book One,Rs.9521
2025-12-31 20:39,Superman By Kurt Busiek Book One,Rs.9521
2025-12-31 20:46,Superman By Kurt Busiek Book One,Rs.9521
2025-12-31 20:51,Superman By Kurt Busiek Book One,Rs.9521
2025-12-31 21:02,Superman By Kurt Busiek Book One,Rs.9521
2025-12-31 21:07,Superman By Kurt Busiek Book One,Rs.9521
2026-01-01 10:14,Superman By Kurt Busiek Book One,Rs.9521
2026-01-02 10:13,Superman By Kurt Busiek Book One,Rs.9521
2026-01-03 10:12,Superman By Kurt Busiek Book One,Rs.9521
2026-01-04 10:12,Superman By Kurt Busiek Book One,Rs.9521
2026-01-05 10:16,Superman By Kurt Busiek Book One,Rs.12695
2026-01-06 10:14,Superman By Kurt Busiek Book One,Rs.12695
2026-01-07 10:15,Superman By Kurt Busiek Book One,Rs.12695
2026-01-08 10:15,Superman By Kurt Busiek Book One,Rs.12695
2026-01-09 10:14,Superman By Kurt Busiek Book One,Rs.12695
2026-01-10 10:12,Superman By Kurt Busiek Book One,Rs.12695
2026-01-11 10:12,Superman By Kurt Busiek Book One,Rs.12695
2026-01-12 10:16,Superman By Kurt Busiek Book One,Rs.12695
2026-01-13 10:14,Superman By Kurt Busiek Book One,Rs.12695
2026-01-14 10:15,Superman By Kurt Busiek Book One,Rs.12695
2026-01-15 10:14,Superman By Kurt Busiek Book One,Rs.12695
2026-01-16 10:14,Superman By Kurt Busiek Book One,Rs.12695
2026-01-17 10:12,Superman By Kurt Busiek Book One,Rs.12695
2026-01-18 10:12,Superman By Kurt Busiek Book One,Rs.12695
2026-01-19 10:18,Superman By Kurt Busiek Book One,Rs.12695
2026-01-20 10:18,Superman By Kurt Busiek Book One,Rs.12695
2026-01-21 10:17,Superman By Kurt Busiek Book One,Rs.12695
2026-01-22 10:17,Superman By Kurt Busiek Book One,Rs.12695
2026-01-23 10:15,Superman By Kurt Busiek Book One,Rs.12695
2026-01-24 10:12,Superman By Kurt Busiek Book One,Rs.12695
2026-01-25 10:12,Superman By Kurt Busiek Book One,Rs.12695
2026-01-26 10:18,Superman By Kurt Busiek Book One,Rs.12695
2026-01-27 10:17,Superman By Kurt Busiek Book One,Rs.12695
2026-01-28 10:18,Superman By Kurt Busiek Book One,Rs.12695
2026-01-29 10:27,Superman By Kurt Busiek Book One,Rs.12695
2026-01-30 10:23,Superman By Kurt Busiek Book One,Rs.12695
2026-01-31 10:14,Superman By Kurt Busiek Book One,Rs.12695
2026-02-01 10:15,Superman By Kurt Busiek Book One,Rs.12695
2026-02-02 10:34,Superman By Kurt Busiek Book One,Rs.12695
2026-02-03 10:30,Superman By Kurt Busiek Book One,Rs.12695
2026-02-04 10:29,Superman By Kurt Busiek Book One,Rs.12695
2026-02-05 10:31,Superman By Kurt Busiek Book One,Rs.12695
2025-12-31 20:00,Superman By Kurt Busiek Book Two,Rs.9484
2025-12-31 20:09,Superman By Kurt Busiek Book Two,Rs.9484
2025-12-31 20:14,Superman By Kurt Busiek Book Two,Rs.9484
2025-12-31 20:26,Superman By Kurt Busiek Book Two,Rs.9484
2025-12-31 20:39,Superman By Kurt Busiek Book Two,Rs.9484
2025-12-31 20:46,Superman By Kurt Busiek Book Two,Rs.9484
2025-12-31 20:51,Superman By Kurt Busiek Book Two,Rs.9484
2025-12-31 21:02,Superman By Kurt Busiek Book Two,Rs.9484
2025-12-31 21:07,Superman By Kurt Busiek Book Two,Rs.9484
2026-01-01 10:14,Superman By Kurt Busiek Book Two,Rs.9484
2026-01-02 10:13,Superman By Kurt Busiek Book Two,Rs.9484
2026-01-03 10:12,Superman By Kurt Busiek Book Two,Rs.9484
2026-01-04 10:12,Superman By Kurt Busiek Book Two,Rs.9484
2026-01-05 10:16,Superman By Kurt Busiek Book Two,Rs.12645
2026-01-06 10:14,Superman By Kurt Busiek Book Two,Rs.12645
2026-01-07 10:15,Superman By Kurt Busiek Book Two,Rs.12645
2026-01-08 10:15,Superman By Kurt Busiek Book Two,Rs.12645
2026-01-09 10:14,Superman By Kurt Busiek Book Two,Rs.12645
2026-01-10 10:12,Superman By Kurt Busiek Book Two,Rs.12645
2026-01-11 10:12,Superman By Kurt Busiek Book Two,Rs.12645
2026-01-12 10:16,Superman By Kurt Busiek Book Two,Rs.12645
2026-01-13 10:14,Superman By Kurt Busiek Book Two,Rs.12645
2026-01-14 10:15,Superman By Kurt Busiek Book Two,Rs.12645
2026-01-15 10:14,Superman By Kurt Busiek Book Two,Rs.12645
2026-01-16 10:14,Superman By Kurt Busiek Book Two,Rs.12645
2026-01-17 10:12,Superman By Kurt Busiek Book Two,Rs.12645
2026-01-18 10:12,Superman By Kurt Busiek Book Two,Rs.12645
2026-01-19 10:18,Superman By Kurt Busiek Book Two,Rs.12645
2026-01-20 10:18,Superman By Kurt Busiek Book Two,Rs.12645
2026-01-21 10:17,Superman By Kurt Busiek Book Two,Rs.12645
2026-01-22 10:17,Superman By Kurt Busiek Book Two,Rs.12645
2026-01-23 10:15,Superman By Kurt Busiek Book Two,Rs.12645
2026-01-24 10:12,Superman By Kurt Busiek Book Two,Rs.12645
2026-01-25 10:12,Superman By Kurt Busiek Book Two,Rs.12645
2026-01-26 10:18,Superman By Kurt Busiek Book Two,Rs.12645
2026-01-27 10:17,Superman By Kurt Busiek Book Two,Rs.12645
2026-01-28 10:18,Superman By Kurt Busiek Book Two,Rs.12645
2026-01-29 10:27,Superman By Kurt Busiek Book Two,Rs.12645
2026-01-30 10:23,Superman By Kurt Busiek Book Two,Rs.12645
2026-01-31 10:14,Superman By Kurt Busiek Book Two,Rs.12645
2026-02-01 10:15,Superman By Kurt Busiek Book Two,Rs.12645
2026-02-02 10:34,Superman By Kurt Busiek Book Two,Rs.12645
2026-02-03 10:30,Superman By Kurt Busiek Book Two,Rs.12645
2026-02-04 10:29,Superman By Kurt Busiek Book Two,Rs.12645
2026-02-05 10:31,Superman By Kurt Busiek Book Two,Rs.12645
2025-12-31 20:00,Superman Smashes The Klan,Rs.3221
2025-12-31 20:09,Superman Smashes The Klan,Rs.3221
2025-12-31 20:14,Superman Smashes The Klan,Rs.3221
2025-12-31 20:26,Superman Smashes The Klan,Rs.3221
2025-12-31 20:39,Superman Smashes The Klan,Rs.3221
2025-12-31 20:46,Superman Smashes The Klan,Rs.3221
2025-12-31 20:51,Superman Smashes The Klan,Rs.3221
2025-12-31 21:02,Superman Smashes The Klan,Rs.3221
2025-12-31 21:07,Superman Smashes The Klan,Rs.3221
2026-01-01 10:14,Superman Smashes The Klan,Rs.3221
2026-01-02 10:13,Superman Smashes The Klan,Rs.3221
2026-01-03 10:12,Superman Smashes The Klan,Rs.3221
2026-01-04 10:12,Superman Smashes The Klan,Rs.3221
2026-01-05 10:16,Superman Smashes The Klan,Rs.4295
2026-01-06 10:14,Superman Smashes The Klan,Rs.4295
2026-01-07 10:15,Superman Smashes The Klan,Rs.4295
2026-01-08 10:15,Superman Smashes The Klan,Rs.4295
2026-01-09 10:14,Superman Smashes The Klan,Rs.3865
2026-01-10 10:12,Superman Smashes The Klan,Rs.3865
2026-01-11 10:12,Superman Smashes The Klan,Rs.3865
2026-01-12 10:16,Superman Smashes The Klan,Rs.4295
2026-01-13 10:14,Superman Smashes The Klan,Rs.4295
2026-01-14 10:15,Superman Smashes The Klan,Rs.4295
2026-01-15 10:14,Superman Smashes The Klan,Rs.4295
2026-01-16 10:14,Superman Smashes The Klan,Rs.4295
2026-01-17 10:12,Superman Smashes The Klan,Rs.4295
2026-01-18 10:12,Superman Smashes The Klan,Rs.4295
2026-01-19 10:18,Superman Smashes The Klan,Rs.4295
2026-01-20 10:18,Superman Smashes The Klan,Rs.4295
2026-01-21 10:17,Superman Smashes The Klan,Rs.4295
2026-01-22 10:17,Superman Smashes The Klan,Rs.4295
2026-01-23 10:15,Superman Smashes The Klan,Rs.4295
2026-01-24 10:12,Superman Smashes The Klan,Rs.4295
2026-01-25 10:12,Superman Smashes The Klan,Rs.4295
2026-01-26 10:18,Superman Smashes The Klan,Rs.4295
2026-01-27 10:17,Superman Smashes The Klan,Rs.4295
2026-01-28 10:18,Superman Smashes The Klan,Rs.4295
2026-01-29 10:27,Superman Smashes The Klan,Rs.4295
2026-01-30 10:23,Superman Smashes The Klan,Rs.4295
2026-01-31 10:14,Superman Smashes The Klan,Rs.4295
2026-02-01 10:15,Superman Smashes The Klan,Rs.4295
2026-02-02 10:34,Superman Smashes The Klan,Rs.4295
2026-02-03 10:30,Superman Smashes The Klan,Rs.4295
2026-02-04 10:29,Superman Smashes The Klan,Rs.4295
2026-02-05 10:31,Superman Smashes The Klan,Rs.4295
2025-12-31 20:00,Superman: Birthright The Deluxe Edition (Volume 1),Rs.9259
2025-12-31 20:09,Superman: Birthright The Deluxe Edition (Volume 1),Rs.9259
2025-12-31 20:14,Superman: Birthright The Deluxe Edition (Volume 1),Rs.9259
2025-12-31 20:26,Superman: Birthright The Deluxe Edition (Volume 1),Rs.9259
2025-12-31 20:39,Superman: Birthright The Deluxe Edition (Volume 1),Rs.9259
2025-12-31 20:46,Superman: Birthright The Deluxe Edition (Volume 1),Rs.9259
2025-12-31 20:51,Superman: Birthright The Deluxe Edition (Volume 1),Rs.9259
2025-12-31 21:02,Superman: Birthright The Deluxe Edition (Volume 1),Rs.9259
2025-12-31 21:07,Superman: Birthright The Deluxe Edition (Volume 1),Rs.9259
2026-01-01 10:14,Superman: Birthright The Deluxe Edition (Volume 1),Rs.9259
2026-01-02 10:13,Superman: Birthright The Deluxe Edition (Volume 1),Rs.9259
2026-01-03 10:12,Superman: Birthright The Deluxe Edition (Volume 1),Rs.9259
2026-01-04 10:12,Superman: Birthright The Deluxe Edition (Volume 1),Rs.9259
2026-01-05 10:16,Superman: Birthright The Deluxe Edition (Volume 1),Rs.12345
2026-01-06 10:14,Superman: Birthright The Deluxe Edition (Volume 1),Rs.12345
2026-01-07 10:15,Superman: Birthright The Deluxe Edition (Volume 1),Rs.12345
2026-01-08 10:15,Superman: Birthright The Deluxe Edition (Volume 1),Rs.12345
2026-01-09 10:14,Superman: Birthright The Deluxe Edition (Volume 1),Rs.11110
2026-01-10 10:12,Superman: Birthright The Deluxe Edition (Volume 1),Rs.11110
2026-01-11 10:12,Superman: Birthright The Deluxe Edition (Volume 1),Rs.11110
2026-01-12 10:16,Superman: Birthright The Deluxe Edition (Volume 1),Rs.12345
2026-01-13 10:14,Superman: Birthright The Deluxe Edition (Volume 1),Rs.12345
2026-01-14 10:15,Superman: Birthright The Deluxe Edition (Volume 1),Rs.12345
2026-01-15 10:14,Superman: Birthright The Deluxe Edition (Volume 1),Rs.12345
2026-01-16 10:14,Superman: Birthright The Deluxe Edition (Volume 1),Rs.12345
2026-01-17 10:12,Superman: Birthright The Deluxe Edition (Volume 1),Rs.12345
2026-01-18 10:12,Superman: Birthright The Deluxe Edition (Volume 1),Rs.12345
2026-01-19 10:18,Superman: Birthright The Deluxe Edition (Volume 1),Rs.12345
2026-01-20 10:18,Superman: Birthright The Deluxe Edition (Volume 1),Rs.12345
2026-01-21 10:17,Superman: Birthright The Deluxe Edition (Volume 1),Rs.12345
2026-01-22 10:17,Superman: Birthright The Deluxe Edition (Volume 1),Rs.12345
2026-01-23 10:15,Superman: Birthright The Deluxe Edition (Volume 1),Rs.12345
2026-01-24 10:12,Superman: Birthright The Deluxe Edition (Volume 1),Rs.12345
2026-01-25 10:12,Superman: Birthright The Deluxe Edition (Volume 1),Rs.12345
2026-01-26 10:18,Superman: Birthright The Deluxe Edition (Volume 1),Rs.12345
2026-01-27 10:17,Superman: Birthright The Deluxe Edition (Volume 1),Rs.12345
2026-01-28 10:18,Superman: Birthright The Deluxe Edition (Volume 1),Rs.12345
2026-01-29 10:27,Superman: Birthright The Deluxe Edition (Volume 1),Rs.12345
2026-01-30 10:23,Superman: Birthright The Deluxe Edition (Volume 1),Rs.12345
2026-01-31 10:14,Superman: Birthright The Deluxe Edition (Volume 1),Rs.12345
2026-02-01 10:15,Superman: Birthright The Deluxe Edition (Volume 1),Rs.12345
2026-02-02 10:34,Superman: Birthright The Deluxe Edition (Volume 1),Rs.12345
2026-02-03 10:30,Superman: Birthright The Deluxe Edition (Volume 1),Rs.12345
2026-02-04 10:29,Superman: Birthright The Deluxe Edition (Volume 1),Rs.12345
2026-02-05 10:31,Superman: Birthright The Deluxe Edition (Volume 1),Rs.12345
2025-12-31 20:00,Superman: The Last Days of Lex Luthor,Rs.5659
2025-12-31 20:09,Superman: The Last Days of Lex Luthor,Rs.5659
2025-12-31 20:14,Superman: The Last Days of Lex Luthor,Rs.5659
2025-12-31 20:26,Superman: The Last Days of Lex Luthor,Rs.5659
2025-12-31 20:39,Superman: The Last Days of Lex Luthor,Rs.5659
2025-12-31 20:46,Superman: The Last Days of Lex Luthor,Rs.5659
2025-12-31 20:51,Superman: The Last Days of Lex Luthor,Rs.5659
2025-12-31 21:02,Superman: The Last Days of Lex Luthor,Rs.5659
2025-12-31 21:07,Superman: The Last Days of Lex Luthor,Rs.5659
2026-01-01 10:14,Superman: The Last Days of Lex Luthor,Rs.5659
2026-01-02 10:13,Superman: The Last Days of Lex Luthor,Rs.5659
2026-01-03 10:12,Superman: The Last Days of Lex Luthor,Rs.5659
2026-01-04 10:12,Superman: The Last Days of Lex Luthor,Rs.5659
2026-01-05 10:16,Superman: The Last Days of Lex Luthor,Rs.7545
2026-01-06 10:14,Superman: The Last Days of Lex Luthor,Rs.7545
2026-01-07 10:15,Superman: The Last Days of Lex Luthor,Rs.7545
2026-01-08 10:15,Superman: The Last Days of Lex Luthor,Rs.7545
2026-01-09 10:14,Superman: The Last Days of Lex Luthor,Rs.7545
2026-01-10 10:12,Superman: The Last Days of Lex Luthor,Rs.7545
2026-01-11 10:12,Superman: The Last Days of Lex Luthor,Rs.7545
2026-01-12 10:16,Superman: The Last Days of Lex Luthor,Rs.7545
2026-01-13 10:14,Superman: The Last Days of Lex Luthor,Rs.7545
2026-01-14 10:15,Superman: The Last Days of Lex Luthor,Rs.7545
2026-01-15 10:14,Superman: The Last Days of Lex Luthor,Rs.7545
2026-01-16 10:14,Superman: The Last Days of Lex Luthor,Rs.7545
2026-01-17 10:12,Superman: The Last Days of Lex Luthor,Rs.7545
2026-01-18 10:12,Superman: The Last Days of Lex Luthor,Rs.7545
2026-01-19 10:18,Superman: The Last Days of Lex Luthor,Rs.7545
2026-01-20 10:18,Superman: The Last Days of Lex Luthor,Rs.7545
2026-01-21 10:17,Superman: The Last Days of Lex Luthor,Rs.7545
2026-01-22 10:17,Superman: The Last Days of Lex Luthor,Rs.7545
2026-01-23 10:15,Superman: The Last Days of Lex Luthor,Rs.7545
2026-01-24 10:12,Superman: The Last Days of Lex Luthor,Rs.7545
2026-01-25 10:12,Superman: The Last Days of Lex Luthor,Rs.7545
2026-01-26 10:18,Superman: The Last Days of Lex Luthor,Rs.7545
2026-01-27 10:17,Superman: The Last Days of Lex Luthor,Rs.7545
2026-01-28 10:18,Superman: The Last Days of Lex Luthor,Rs.7545
2026-01-29 10:27,Superman: The Last Days of Lex Luthor,Rs.7545
2026-01-30 10:23,Superman: The Last Days of Lex Luthor,Rs.7545
2026-01-31 10:14,Superman: The Last Days of Lex Luthor,Rs.7545
2026-02-01 10:15,Superman: The Last Days of Lex Luthor,Rs.7545
2026-02-02 10:34,Superman: The Last Days of Lex Luthor,Rs.7545
2026-02-03 10:30,Superman: The Last Days of Lex Luthor,Rs.7545
2026-02-04 10:29,Superman: The Last Days of Lex Luthor,Rs.7545
2026-02-05 10:31,Superman: The Last Days of Lex Luthor,Rs.7545
2025-12-31 20:00,The Animal Man Omnibus (2022 Edition),Rs.18071
2025-12-31 20:09,The Animal Man Omnibus (2022 Edition),Rs.18071
2025-12-31 20:14,The Animal Man Omnibus (2022 Edition),Rs.18071
2025-12-31 20:26,The Animal Man Omnibus (2022 Edition),Rs.18071
2025-12-31 20:39,The Animal Man Omnibus (2022 Edition),Rs.18071
2025-12-31 20:46,The Animal Man Omnibus (2022 Edition),Rs.18071
2025-12-31 20:51,The Animal Man Omnibus (2022 Edition),Rs.18071
2025-12-31 21:02,The Animal Man Omnibus (2022 Edition),Rs.18071
2025-12-31 21:07,The Animal Man Omnibus (2022 Edition),Rs.18071
2026-01-01 10:14,The Animal Man Omnibus (2022 Edition),Rs.18071
2026-01-02 10:13,The Animal Man Omnibus (2022 Edition),Rs.18071
2026-01-03 10:12,The Animal Man Omnibus (2022 Edition),Rs.18071
2026-01-04 10:12,The Animal Man Omnibus (2022 Edition),Rs.18071
2026-01-05 10:16,The Animal Man Omnibus (2022 Edition),Rs.24095
2026-01-06 10:14,The Animal Man Omnibus (2022 Edition),Rs.24095
2026-01-07 10:15,The Animal Man Omnibus (2022 Edition),Rs.24095
2026-01-08 10:15,The Animal Man Omnibus (2022 Edition),Rs.24095
2026-01-09 10:14,The Animal Man Omnibus (2022 Edition),Rs.24095
2026-01-10 10:12,The Animal Man Omnibus (2022 Edition),Rs.24095
2026-01-11 10:12,The Animal Man Omnibus (2022 Edition),Rs.24095
2026-01-12 10:16,The Animal Man Omnibus (2022 Edition),Rs.24095
2026-01-13 10:14,The Animal Man Omnibus (2022 Edition),Rs.24095
2026-01-14 10:15,The Animal Man Omnibus (2022 Edition),Rs.24095
2026-01-15 10:14,The Animal Man Omnibus (2022 Edition),Rs.24095
2026-01-16 10:14,The Animal Man Omnibus (2022 Edition),Rs.24095
2026-01-17 10:12,The Animal Man Omnibus (2022 Edition),Rs.24095
2026-01-18 10:12,The Animal Man Omnibus (2022 Edition),Rs.24095
2026-01-19 10:18,The Animal Man Omnibus (2022 Edition),Rs.24095
2026-01-20 10:18,The Animal Man Omnibus (2022 Edition),Rs.24095
2026-01-21 10:17,The Animal Man Omnibus (2022 Edition),Rs.24095
2026-01-22 10:17,The Animal Man Omnibus (2022 Edition),Rs.24095
2026-01-23 10:15,The Animal Man Omnibus (2022 Edition),Rs.24095
2026-01-24 10:12,The Animal Man Omnibus (2022 Edition),Rs.24095
2026-01-25 10:12,The Animal Man Omnibus (2022 Edition),Rs.24095
2026-01-26 10:18,The Animal Man Omnibus (2022 Edition),Rs.24095
2026-01-27 10:17,The Animal Man Omnibus (2022 Edition),Rs.24095
2026-01-28 10:18,The Animal Man Omnibus (2022 Edition),Rs.24095
2026-01-29 10:27,The Animal Man Omnibus (2022 Edition),Rs.24095
2026-01-30 10:23,The Animal Man Omnibus (2022 Edition),Rs.24095
2026-01-31 10:14,The Animal Man Omnibus (2022 Edition),Rs.24095
2026-02-01 10:15,The Animal Man Omnibus (2022 Edition),Rs.24095
2026-02-02 10:34,The Animal Man Omnibus (2022 Edition),Rs.24095
2026-02-03 10:30,The Animal Man Omnibus (2022 Edition),Rs.24095
2026-02-04 10:29,The Animal Man Omnibus (2022 Edition),Rs.24095
2026-02-05 10:31,The Animal Man Omnibus (2022 Edition),Rs.24095
2025-12-31 20:00,The Batman Who Laughs,Rs.5696
2025-12-31 20:09,The Batman Who Laughs,Rs.5696
2025-12-31 20:14,The Batman Who Laughs,Rs.5696
2025-12-31 20:26,The Batman Who Laughs,Rs.5696
2025-12-31 20:39,The Batman Who Laughs,Rs.5696
2025-12-31 20:46,The Batman Who Laughs,Rs.5696
2025-12-31 20:51,The Batman Who Laughs,Rs.5696
2025-12-31 21:02,The Batman Who Laughs,Rs.5696
2025-12-31 21:07,The Batman Who Laughs,Rs.5696
2026-01-01 10:14,The Batman Who Laughs,Rs.5696
2026-01-02 10:13,The Batman Who Laughs,Rs.5696
2026-01-03 10:12,The Batman Who Laughs,Rs.5696
2026-01-04 10:12,The Batman Who Laughs,Rs.5696
2026-01-05 10:16,The Batman Who Laughs,Rs.7595
2026-01-06 10:14,The Batman Who Laughs,Rs.7595
2026-01-07 10:15,The Batman Who Laughs,Rs.7595
2026-01-08 10:15,The Batman Who Laughs,Rs.7595
2026-01-09 10:14,The Batman Who Laughs,Rs.7595
2026-01-10 10:12,The Batman Who Laughs,Rs.7595
2026-01-11 10:12,The Batman Who Laughs,Rs.7595
2026-01-12 10:16,The Batman Who Laughs,Rs.7595
2026-01-13 10:14,The Batman Who Laughs,Rs.7595
2026-01-14 10:15,The Batman Who Laughs,Rs.7595
2026-01-15 10:14,The Batman Who Laughs,Rs.7595
2026-01-16 10:14,The Batman Who Laughs,Rs.7595
2026-01-17 10:12,The Batman Who Laughs,Rs.7595
2026-01-18 10:12,The Batman Who Laughs,Rs.7595
2026-01-19 10:18,The Batman Who Laughs,Rs.7595
2026-01-20 10:18,The Batman Who Laughs,Rs.7595
2026-01-21 10:17,The Batman Who Laughs,Rs.7595
2026-01-22 10:17,The Batman Who Laughs,Rs.7595
2026-01-23 10:15,The Batman Who Laughs,Rs.7595
2026-01-24 10:12,The Batman Who Laughs,Rs.7595
2026-01-25 10:12,The Batman Who Laughs,Rs.7595
2026-01-26 10:18,The Batman Who Laughs,Rs.7595
2026-01-27 10:17,The Batman Who Laughs,Rs.7595
2026-01-28 10:18,The Batman Who Laughs,Rs.7595
2026-01-29 10:27,The Batman Who Laughs,Rs.7595
2026-01-30 10:23,The Batman Who Laughs,Rs.7595
2026-01-31 10:14,The Batman Who Laughs,Rs.7595
2026-02-01 10:15,The Batman Who Laughs,Rs.7595
2026-02-02 10:34,The Batman Who Laughs,Rs.7595
2026-02-03 10:30,The Batman Who Laughs,Rs.7595
2026-02-04 10:29,The Batman Who Laughs,Rs.7595
2026-02-05 10:31,The Batman Who Laughs,Rs.7595
2025-12-31 20:00,The Count Of Monte Cristo (Penguin Clothbound Classics),Rs.3259
2025-12-31 20:09,The Count Of Monte Cristo (Penguin Clothbound Classics),Rs.3259
2025-12-31 20:14,The Count Of Monte Cristo (Penguin Clothbound Classics),Rs.3259
2025-12-31 20:26,The Count Of Monte Cristo (Penguin Clothbound Classics),Rs.3259
2025-12-31 20:39,The Count Of Monte Cristo (Penguin Clothbound Classics),Rs.3259
2025-12-31 20:46,The Count Of Monte Cristo (Penguin Clothbound Classics),Rs.3259
2025-12-31 20:51,The Count Of Monte Cristo (Penguin Clothbound Classics),Rs.3259
2025-12-31 21:02,The Count Of Monte Cristo (Penguin Clothbound Classics),Rs.3259
2025-12-31 21:07,The Count Of Monte Cristo (Penguin Clothbound Classics),Rs.3259
2026-01-01 10:14,The Count Of Monte Cristo (Penguin Clothbound Classics),Rs.3259
2026-01-02 10:13,The Count Of Monte Cristo (Penguin Clothbound Classics),Rs.3259
2026-01-03 10:12,The Count Of Monte Cristo (Penguin Clothbound Classics),Rs.3259
2026-01-04 10:12,The Count Of Monte Cristo (Penguin Clothbound Classics),Rs.3259
2026-01-05 10:16,The Count Of Monte Cristo (Penguin Clothbound Classics),Rs.3910
2026-01-06 10:14,The Count Of Monte Cristo (Penguin Clothbound Classics),Rs.3910
2026-01-07 10:15,The Count Of Monte Cristo (Penguin Clothbound Classics),Rs.3910
2026-01-08 10:15,The Count Of Monte Cristo (Penguin Clothbound Classics),Rs.3910
2026-01-09 10:14,The Count Of Monte Cristo (Penguin Clothbound Classics),Rs.3910
2026-01-10 10:12,The Count Of Monte Cristo (Penguin Clothbound Classics),Rs.3910
2026-01-11 10:12,The Count Of Monte Cristo (Penguin Clothbound Classics),Rs.3910
2026-01-12 10:16,The Count Of Monte Cristo (Penguin Clothbound Classics),Rs.3910
2026-01-13 10:14,The Count Of Monte Cristo (Penguin Clothbound Classics),Rs.3910
2026-01-14 10:15,The Count Of Monte Cristo (Penguin Clothbound Classics),Rs.3910
2026-01-15 10:14,The Count Of Monte Cristo (Penguin Clothbound Classics),Rs.3910
2026-01-16 10:14,The Count Of Monte Cristo (Penguin Clothbound Classics),Rs.3910
2026-01-17 10:12,The Count Of Monte Cristo (Penguin Clothbound Classics),Rs.3910
2026-01-18 10:12,The Count Of Monte Cristo (Penguin Clothbound Classics),Rs.3910
2026-01-19 10:18,The Count Of Monte Cristo (Penguin Clothbound Classics),Rs.3910
2026-01-20 10:18,The Count Of Monte Cristo (Penguin Clothbound Classics),Rs.3910
2026-01-21 10:17,The Count Of Monte Cristo (Penguin Clothbound Classics),Rs.3910
2026-01-22 10:17,The Count Of Monte Cristo (Penguin Clothbound Classics),Rs.3910
2026-01-23 10:15,The Count Of Monte Cristo (Penguin Clothbound Classics),Rs.3910
2026-01-24 10:12,The Count Of Monte Cristo (Penguin Clothbound Classics),Rs.3910
2026-01-25 10:12,The Count Of Monte Cristo (Penguin Clothbound Classics),Rs.3910
2026-01-26 10:18,The Count Of Monte Cristo (Penguin Clothbound Classics),Rs.3910
2026-01-27 10:17,The Count Of Monte Cristo (Penguin Clothbound Classics),Rs.3910
2026-01-28 10:18,The Count Of Monte Cristo (Penguin Clothbound Classics),Rs.3910
2026-01-29 10:27,The Count Of Monte Cristo (Penguin Clothbound Classics),Rs.3910
2026-01-30 10:23,The Count Of Monte Cristo (Penguin Clothbound Classics),Rs.3910
2026-01-31 10:14,The Count Of Monte Cristo (Penguin Clothbound Classics),Rs.5170
2026-02-01 10:15,The Count Of Monte Cristo (Penguin Clothbound Classics),Rs.5170
2026-02-02 10:34,The Count Of Monte Cristo (Penguin Clothbound Classics),Rs.5170
2026-02-03 10:30,The Count Of Monte Cristo (Penguin Clothbound Classics),Rs.5170
2026-02-04 10:29,The Count Of Monte Cristo (Penguin Clothbound Classics),Rs.5170
2026-02-05 10:31,The Count Of Monte Cristo (Penguin Clothbound Classics),Rs.5170
2025-12-31 20:00,The Planetary Omnibus,Rs.12071
2025-12-31 20:09,The Planetary Omnibus,Rs.12071
2025-12-31 20:14,The Planetary Omnibus,Rs.12071
2025-12-31 20:26,The Planetary Omnibus,Rs.12071
2025-12-31 20:39,The Planetary Omnibus,Rs.12071
2025-12-31 20:46,The Planetary Omnibus,Rs.12071
2025-12-31 20:51,The Planetary Omnibus,Rs.12071
2025-12-31 21:02,The Planetary Omnibus,Rs.12071
2025-12-31 21:07,The Planetary Omnibus,Rs.12071
2026-01-01 10:14,The Planetary Omnibus,Rs.12071
2026-01-02 10:13,The Planetary Omnibus,Rs.12071
2026-01-03 10:12,The Planetary Omnibus,Rs.12071
2026-01-04 10:12,The Planetary Omnibus,Rs.12071
2026-01-05 10:16,The Planetary Omnibus,Rs.16095
2026-01-06 10:14,The Planetary Omnibus,Rs.16095
2026-01-07 10:15,The Planetary Omnibus,Rs.16095
2026-01-08 10:15,The Planetary Omnibus,Rs.16095
2026-01-09 10:14,The Planetary Omnibus,Rs.16095
2026-01-10 10:12,The Planetary Omnibus,Rs.16095
2026-01-11 10:12,The Planetary Omnibus,Rs.16095
2026-01-12 10:16,The Planetary Omnibus,Rs.16095
2026-01-13 10:14,The Planetary Omnibus,Rs.16095
2026-01-14 10:15,The Planetary Omnibus,Rs.16095
2026-01-15 10:14,The Planetary Omnibus,Rs.16095
2026-01-16 10:14,The Planetary Omnibus,Rs.16095
2026-01-17 10:12,The Planetary Omnibus,Rs.16095
2026-01-18 10:12,The Planetary Omnibus,Rs.16095
2026-01-19 10:18,The Planetary Omnibus,Rs.16095
2026-01-20 10:18,The Planetary Omnibus,Rs.16095
2026-01-21 10:17,The Planetary Omnibus,Rs.16095
2026-01-22 10:17,The Planetary Omnibus,Rs.21395
2026-01-23 10:15,The Planetary Omnibus,Rs.21395
2026-01-24 10:12,The Planetary Omnibus,Rs.21395
2026-01-25 10:12,The Planetary Omnibus,Rs.21395
2026-01-26 10:18,The Planetary Omnibus,Rs.21395
2026-01-27 10:17,The Planetary Omnibus,Rs.21395
2026-01-28 10:18,The Planetary Omnibus,Rs.21395
2026-01-29 10:27,The Planetary Omnibus,Rs.21395
2026-01-30 10:23,The Planetary Omnibus,Rs.21395
2026-01-31 10:14,The Planetary Omnibus,Rs.21395
2026-02-01 10:15,The Planetary Omnibus,Rs.21395
2026-02-02 10:34,The Planetary Omnibus,Rs.21395
2026-02-03 10:30,The Planetary Omnibus,Rs.21395
2026-02-04 10:29,The Planetary Omnibus,Rs.21395
2026-02-05 10:31,The Planetary Omnibus,Rs.21395
2025-12-31 20:00,Thor By Jason Aaron Omnibus (Volume 1),Rs.23771
2025-12-31 20:09,Thor By Jason Aaron Omnibus (Volume 1),Rs.23771
2025-12-31 20:14,Thor By Jason Aaron Omnibus (Volume 1),Rs.23771
2025-12-31 20:26,Thor By Jason Aaron Omnibus (Volume 1),Rs.23771
2025-12-31 20:39,Thor By Jason Aaron Omnibus (Volume 1),Rs.23771
2025-12-31 20:46,Thor By Jason Aaron Omnibus (Volume 1),Rs.23771
2025-12-31 20:51,Thor By Jason Aaron Omnibus (Volume 1),Rs.23771
2025-12-31 21:02,Thor By Jason Aaron Omnibus (Volume 1),Rs.23771
2025-12-31 21:07,Thor By Jason Aaron Omnibus (Volume 1),Rs.23771
2026-01-01 10:14,Thor By Jason Aaron Omnibus (Volume 1),Rs.23771
2026-01-02 10:13,Thor By Jason Aaron Omnibus (Volume 1),Rs.23771
2026-01-03 10:12,Thor By Jason Aaron Omnibus (Volume 1),Rs.23771
2026-01-04 10:12,Thor By Jason Aaron Omnibus (Volume 1),Rs.23771
2026-01-05 10:16,Thor By Jason Aaron Omnibus (Volume 1),Rs.31695
2026-01-06 10:14,Thor By Jason Aaron Omnibus (Volume 1),Rs.31695
2026-01-07 10:15,Thor By Jason Aaron Omnibus (Volume 1),Rs.31695
2026-01-08 10:15,Thor By Jason Aaron Omnibus (Volume 1),Rs.31695
2026-01-09 10:14,Thor By Jason Aaron Omnibus (Volume 1),Rs.31695
2026-01-10 10:12,Thor By Jason Aaron Omnibus (Volume 1),Rs.31695
2026-01-11 10:12,Thor By Jason Aaron Omnibus (Volume 1),Rs.31695
2026-01-12 10:16,Thor By Jason Aaron Omnibus (Volume 1),Rs.31695
2026-01-13 10:14,Thor By Jason Aaron Omnibus (Volume 1),Rs.31695
2026-01-14 10:15,Thor By Jason Aaron Omnibus (Volume 1),Rs.31695
2026-01-15 10:14,Thor By Jason Aaron Omnibus (Volume 1),Rs.31695
2026-01-16 10:14,Thor By Jason Aaron Omnibus (Volume 1),Rs.31695
2026-01-17 10:12,Thor By Jason Aaron Omnibus (Volume 1),Rs.31695
2026-01-18 10:12,Thor By Jason Aaron Omnibus (Volume 1),Rs.31695
2026-01-19 10:18,Thor By Jason Aaron Omnibus (Volume 1),Rs.31695
2026-01-20 10:18,Thor By Jason Aaron Omnibus (Volume 1),Rs.31695
2026-01-21 10:17,Thor By Jason Aaron Omnibus (Volume 1),Rs.31695
2026-01-22 10:17,Thor By Jason Aaron Omnibus (Volume 1),Rs.31695
2026-01-23 10:15,Thor By Jason Aaron Omnibus (Volume 1),Rs.31695
2026-01-24 10:12,Thor By Jason Aaron Omnibus (Volume 1),Rs.31695
2026-01-25 10:12,Thor By Jason Aaron Omnibus (Volume 1),Rs.31695
2026-01-26 10:18,Thor By Jason Aaron Omnibus (Volume 1),Rs.31695
2026-01-27 10:17,Thor By Jason Aaron Omnibus (Volume 1),Rs.31695
2026-01-28 10:18,Thor By Jason Aaron Omnibus (Volume 1),Rs.31695
2026-01-29 10:27,Thor By Jason Aaron Omnibus (Volume 1),Rs.31695
2026-01-30 10:23,Thor By Jason Aaron Omnibus (Volume 1),Rs.31695
2026-01-31 10:14,Thor By Jason Aaron Omnibus (Volume 1),Rs.31695
2026-02-01 10:15,Thor By Jason Aaron Omnibus (Volume 1),Rs.31695
2026-02-02 10:34,Thor By Jason Aaron Omnibus (Volume 1),Rs.31695
2026-02-03 10:30,Thor By Jason Aaron Omnibus (Volume 1),Rs.31695
2026-02-04 10:29,Thor By Jason Aaron Omnibus (Volume 1),Rs.31695
2026-02-05 10:31,Thor By Jason Aaron Omnibus (Volume 1),Rs.31695
2025-12-31 20:00,Thor By Jason Aaron Omnibus (Volume 2),Rs.28084
2025-12-31 20:09,Thor By Jason Aaron Omnibus (Volume 2),Rs.28084
2025-12-31 20:14,Thor By Jason Aaron Omnibus (Volume 2),Rs.28084
2025-12-31 20:26,Thor By Jason Aaron Omnibus (Volume 2),Rs.28084
2025-12-31 20:39,Thor By Jason Aaron Omnibus (Volume 2),Rs.28084
2025-12-31 20:46,Thor By Jason Aaron Omnibus (Volume 2),Rs.28084
2025-12-31 20:51,Thor By Jason Aaron Omnibus (Volume 2),Rs.28084
2025-12-31 21:02,Thor By Jason Aaron Omnibus (Volume 2),Rs.28084
2025-12-31 21:07,Thor By Jason Aaron Omnibus (Volume 2),Rs.28084
2026-01-01 10:14,Thor By Jason Aaron Omnibus (Volume 2),Rs.28084
2026-01-02 10:13,Thor By Jason Aaron Omnibus (Volume 2),Rs.28084
2026-01-03 10:12,Thor By Jason Aaron Omnibus (Volume 2),Rs.28084
2026-01-04 10:12,Thor By Jason Aaron Omnibus (Volume 2),Rs.28084
2026-01-05 10:16,Thor By Jason Aaron Omnibus (Volume 2),Rs.37445
2026-01-06 10:14,Thor By Jason Aaron Omnibus (Volume 2),Rs.37445
2026-01-07 10:15,Thor By Jason Aaron Omnibus (Volume 2),Rs.37445
2026-01-08 10:15,Thor By Jason Aaron Omnibus (Volume 2),Rs.37445
2026-01-09 10:14,Thor By Jason Aaron Omnibus (Volume 2),Rs.37445
2026-01-10 10:12,Thor By Jason Aaron Omnibus (Volume 2),Rs.37445
2026-01-11 10:12,Thor By Jason Aaron Omnibus (Volume 2),Rs.37445
2026-01-12 10:16,Thor By Jason Aaron Omnibus (Volume 2),Rs.37445
2026-01-13 10:14,Thor By Jason Aaron Omnibus (Volume 2),Rs.37445
2026-01-14 10:15,Thor By Jason Aaron Omnibus (Volume 2),Rs.37445
2026-01-15 10:14,Thor By Jason Aaron Omnibus (Volume 2),Rs.37445
2026-01-16 10:14,Thor By Jason Aaron Omnibus (Volume 2),Rs.37445
2026-01-17 10:12,Thor By Jason Aaron Omnibus (Volume 2),Rs.37445
2026-01-18 10:12,Thor By Jason Aaron Omnibus (Volume 2),Rs.37445
2026-01-19 10:18,Thor By Jason Aaron Omnibus (Volume 2),Rs.37445
2026-01-20 10:18,Thor By Jason Aaron Omnibus (Volume 2),Rs.37445
2026-01-21 10:17,Thor By Jason Aaron Omnibus (Volume 2),Rs.37445
2026-01-22 10:17,Thor By Jason Aaron Omnibus (Volume 2),Rs.37445
2026-01-23 10:15,Thor By Jason Aaron Omnibus (Volume 2),Rs.37445
2026-01-24 10:12,Thor By Jason Aaron Omnibus (Volume 2),Rs.37445
2026-01-25 10:12,Thor By Jason Aaron Omnibus (Volume 2),Rs.37445
2026-01-26 10:18,Thor By Jason Aaron Omnibus (Volume 2),Rs.37445
2026-01-27 10:17,Thor By Jason Aaron Omnibus (Volume 2),Rs.37445
2026-01-28 10:18,Thor By Jason Aaron Omnibus (Volume 2),Rs.37445
2026-01-29 10:27,Thor By Jason Aaron Omnibus (Volume 2),Rs.37445
2026-01-30 10:23,Thor By Jason Aaron Omnibus (Volume 2),Rs.37445
2026-01-31 10:14,Thor By Jason Aaron Omnibus (Volume 2),Rs.37445
2026-02-01 10:15,Thor By Jason Aaron Omnibus (Volume 2),Rs.37445
2026-02-02 10:34,Thor By Jason Aaron Omnibus (Volume 2),Rs.37445
2026-02-03 10:30,Thor By Jason Aaron Omnibus (Volume 2),Rs.37445
2026-02-04 10:29,Thor By Jason Aaron Omnibus (Volume 2),Rs.37445
2026-02-05 10:31,Thor By Jason Aaron Omnibus (Volume 2),Rs.37445
2025-12-31 20:00,Thor By Straczynski & Gillen Omnibus,Rs.24634
2025-12-31 20:09,Thor By Straczynski & Gillen Omnibus,Rs.24634
2025-12-31 20:14,Thor By Straczynski & Gillen Omnibus,Rs.24634
2025-12-31 20:26,Thor By Straczynski & Gillen Omnibus,Rs.24634
2025-12-31 20:39,Thor By Straczynski & Gillen Omnibus,Rs.24634
2025-12-31 20:46,Thor By Straczynski & Gillen Omnibus,Rs.24634
2025-12-31 20:51,Thor By Straczynski & Gillen Omnibus,Rs.24634
2025-12-31 21:02,Thor By Straczynski & Gillen Omnibus,Rs.24634
2025-12-31 21:07,Thor By Straczynski & Gillen Omnibus,Rs.24634
2026-01-01 10:14,Thor By Straczynski & Gillen Omnibus,Rs.24634
2026-01-02 10:13,Thor By Straczynski & Gillen Omnibus,Rs.24634
2026-01-03 10:12,Thor By Straczynski & Gillen Omnibus,Rs.24634
2026-01-04 10:12,Thor By Straczynski & Gillen Omnibus,Rs.24634
2026-01-05 10:16,Thor By Straczynski & Gillen Omnibus,Rs.32845
2026-01-06 10:14,Thor By Straczynski & Gillen Omnibus,Rs.32845
2026-01-07 10:15,Thor By Straczynski & Gillen Omnibus,Rs.32845
2026-01-08 10:15,Thor By Straczynski & Gillen Omnibus,Rs.32845
2026-01-09 10:14,Thor By Straczynski & Gillen Omnibus,Rs.32845
2026-01-10 10:12,Thor By Straczynski & Gillen Omnibus,Rs.32845
2026-01-11 10:12,Thor By Straczynski & Gillen Omnibus,Rs.32845
2026-01-12 10:16,Thor By Straczynski & Gillen Omnibus,Rs.32845
2026-01-13 10:14,Thor By Straczynski & Gillen Omnibus,Rs.32845
2026-01-14 10:15,Thor By Straczynski & Gillen Omnibus,Rs.32845
2026-01-15 10:14,Thor By Straczynski & Gillen Omnibus,Rs.32845
2026-01-16 10:14,Thor By Straczynski & Gillen Omnibus,Rs.32845
2026-01-17 10:12,Thor By Straczynski & Gillen Omnibus,Rs.32845
2026-01-18 10:12,Thor By Straczynski & Gillen Omnibus,Rs.32845
2026-01-19 10:18,Thor By Straczynski & Gillen Omnibus,Rs.32845
2026-01-20 10:18,Thor By Straczynski & Gillen Omnibus,Rs.32845
2026-01-21 10:17,Thor By Straczynski & Gillen Omnibus,Rs.32845
2026-01-22 10:17,Thor By Straczynski & Gillen Omnibus,Rs.32845
2026-01-23 10:15,Thor By Straczynski & Gillen Omnibus,Rs.32845
2026-01-24 10:12,Thor By Straczynski & Gillen Omnibus,Rs.32845
2026-01-25 10:12,Thor By Straczynski & Gillen Omnibus,Rs.32845
2026-01-26 10:18,Thor By Straczynski & Gillen Omnibus,Rs.32845
2026-01-27 10:17,Thor By Straczynski & Gillen Omnibus,Rs.32845
2026-01-28 10:18,Thor By Straczynski & Gillen Omnibus,Rs.32845
2026-01-29 10:27,Thor By Straczynski & Gillen Omnibus,Rs.32845
2026-01-30 10:23,Thor By Straczynski & Gillen Omnibus,Rs.32845
2026-01-31 10:14,Thor By Straczynski & Gillen Omnibus,Rs.32845
2026-02-01 10:15,Thor By Straczynski & Gillen Omnibus,Rs.32845
2026-02-02 10:34,Thor By Straczynski & Gillen Omnibus,Rs.32845
2026-02-03 10:30,Thor By Straczynski & Gillen Omnibus,Rs.32845
2026-02-04 10:29,Thor By Straczynski & Gillen Omnibus,Rs.32845
2026-02-05 10:31,Thor By Straczynski & Gillen Omnibus,Rs.32845
2025-12-31 20:00,Vision: The Complete Collection,Rs.5584
2025-12-31 20:09,Vision: The Complete Collection,Rs.5584
2025-12-31 20:14,Vision: The Complete Collection,Rs.5584
2025-12-31 20:26,Vision: The Complete Collection,Rs.5584
2025-12-31 20:39,Vision: The Complete Collection,Rs.5584
2025-12-31 20:46,Vision: The Complete Collection,Rs.5584
2025-12-31 20:51,Vision: The Complete Collection,Rs.5584
2025-12-31 21:02,Vision: The Complete Collection,Rs.5584
2025-12-31 21:07,Vision: The Complete Collection,Rs.5584
2026-01-01 10:14,Vision: The Complete Collection,Rs.5584
2026-01-02 10:13,Vision: The Complete Collection,Rs.5584
2026-01-03 10:12,Vision: The Complete Collection,Rs.5584
2026-01-04 10:12,Vision: The Complete Collection,Rs.5584
2026-01-05 10:16,Vision: The Complete Collection,Rs.7445
2026-01-06 10:14,Vision: The Complete Collection,Rs.7445
2026-01-07 10:15,Vision: The Complete Collection,Rs.7445
2026-01-08 10:15,Vision: The Complete Collection,Rs.7445
2026-01-09 10:14,Vision: The Complete Collection,Rs.7445
2026-01-10 10:12,Vision: The Complete Collection,Rs.7445
2026-01-11 10:12,Vision: The Complete Collection,Rs.7445
2026-01-12 10:16,Vision: The Complete Collection,Rs.7445
2026-01-13 10:14,Vision: The Complete Collection,Rs.7445
2026-01-14 10:15,Vision: The Complete Collection,Rs.7445
2026-01-15 10:14,Vision: The Complete Collection,Rs.7445
2026-01-16 10:14,Vision: The Complete Collection,Rs.7445
2026-01-17 10:12,Vision: The Complete Collection,Rs.7445
2026-01-18 10:12,Vision: The Complete Collection,Rs.7445
2026-01-19 10:18,Vision: The Complete Collection,Rs.7445
2026-01-20 10:18,Vision: The Complete Collection,Rs.7445
2026-01-21 10:17,Vision: The Complete Collection,Rs.7445
2026-01-22 10:17,Vision: The Complete Collection,Rs.7445
2026-01-23 10:15,Vision: The Complete Collection,Rs.7445
2026-01-24 10:12,Vision: The Complete Collection,Rs.7445
2026-01-25 10:12,Vision: The Complete Collection,Rs.7445
2026-01-26 10:18,Vision: The Complete Collection,Rs.7445
2026-01-27 10:17,Vision: The Complete Collection,Rs.7445
2026-01-28 10:18,Vision: The Complete Collection,Rs.7445
2026-01-29 10:27,Vision: The Complete Collection,Rs.7445
2026-01-30 10:23,Vision: The Complete Collection,Rs.7445
2026-01-31 10:14,Vision: The Complete Collection,Rs.7445
2026-02-01 10:15,Vision: The Complete Collection,Rs.7445
2026-02-02 10:34,Vision: The Complete Collection,Rs.7445
2026-02-03 10:30,Vision: The Complete Collection,Rs.7445
2026-02-04 10:29,Vision: The Complete Collection,Rs.7445
2026-02-05 10:31,Vision: The Complete Collection,Rs.7445
2025-12-31 20:00,Wolverine By Jason Aaron Omnibus Vol. 1 David Finch Cover [New Printing],Rs.18896
2025-12-31 20:09,Wolverine By Jason Aaron Omnibus Vol. 1 David Finch Cover [New Printing],Rs.18896
2025-12-31 20:14,Wolverine By Jason Aaron Omnibus Vol. 1 David Finch Cover [New Printing],Rs.18896
2025-12-31 20:26,Wolverine By Jason Aaron Omnibus Vol. 1 David Finch Cover [New Printing],Rs.18896
2025-12-31 20:39,Wolverine By Jason Aaron Omnibus Vol. 1 David Finch Cover [New Printing],Rs.18896
2025-12-31 20:46,Wolverine By Jason Aaron Omnibus Vol. 1 David Finch Cover [New Printing],Rs.18896
2025-12-31 20:51,Wolverine By Jason Aaron Omnibus Vol. 1 David Finch Cover [New Printing],Rs.18896
2025-12-31 21:02,Wolverine By Jason Aaron Omnibus Vol. 1 David Finch Cover [New Printing],Rs.18896
2025-12-31 21:07,Wolverine By Jason Aaron Omnibus Vol. 1 David Finch Cover [New Printing],Rs.18896
2026-01-01 10:14,Wolverine By Jason Aaron Omnibus Vol. 1 David Finch Cover [New Printing],Rs.18896
2026-01-02 10:13,Wolverine By Jason Aaron Omnibus Vol. 1 David Finch Cover [New Printing],Rs.18896
2026-01-03 10:12,Wolverine By Jason Aaron Omnibus Vol. 1 David Finch Cover [New Printing],Rs.18896
2026-01-04 10:12,Wolverine By Jason Aaron Omnibus Vol. 1 David Finch Cover [New Printing],Rs.18896
2026-01-05 10:16,Wolverine By Jason Aaron Omnibus Vol. 1 David Finch Cover [New Printing],Rs.25195
2026-01-06 10:14,Wolverine By Jason Aaron Omnibus Vol. 1 David Finch Cover [New Printing],Rs.25195
2026-01-07 10:15,Wolverine By Jason Aaron Omnibus Vol. 1 David Finch Cover [New Printing],Rs.25195
2026-01-08 10:15,Wolverine By Jason Aaron Omnibus Vol. 1 David Finch Cover [New Printing],Rs.25195
2026-01-09 10:14,Wolverine By Jason Aaron Omnibus Vol. 1 David Finch Cover [New Printing],Rs.25195
2026-01-10 10:12,Wolverine By Jason Aaron Omnibus Vol. 1 David Finch Cover [New Printing],Rs.25195
2026-01-11 10:12,Wolverine By Jason Aaron Omnibus Vol. 1 David Finch Cover [New Printing],Rs.25195
2026-01-12 10:16,Wolverine By Jason Aaron Omnibus Vol. 1 David Finch Cover [New Printing],Rs.25195
2026-01-13 10:14,Wolverine By Jason Aaron Omnibus Vol. 1 David Finch Cover [New Printing],Rs.25195
2026-01-14 10:15,Wolverine By Jason Aaron Omnibus Vol. 1 David Finch Cover [New Printing],Rs.25195
2026-01-15 10:14,Wolverine By Jason Aaron Omnibus Vol. 1 David Finch Cover [New Printing],Rs.25195
2026-01-16 10:14,Wolverine By Jason Aaron Omnibus Vol. 1 David Finch Cover [New Printing],Rs.25195
2026-01-17 10:12,Wolverine By Jason Aaron Omnibus Vol. 1 David Finch Cover [New Printing],Rs.25195
2026-01-18 10:12,Wolverine By Jason Aaron Omnibus Vol. 1 David Finch Cover [New Printing],Rs.25195
2026-01-19 10:18,Wolverine By Jason Aaron Omnibus Vol. 1 David Finch Cover [New Printing],Rs.25195
2026-01-20 10:18,Wolverine By Jason Aaron Omnibus Vol. 1 David Finch Cover [New Printing],Rs.25195
2026-01-21 10:17,Wolverine By Jason Aaron Omnibus Vol. 1 David Finch Cover [New Printing],Rs.25195
2026-01-22 10:17,Wolverine By Jason Aaron Omnibus Vol. 1 David Finch Cover [New Printing],Rs.25195
2026-01-23 10:15,Wolverine By Jason Aaron Omnibus Vol. 1 David Finch Cover [New Printing],Rs.25195
2026-01-24 10:12,Wolverine By Jason Aaron Omnibus Vol. 1 David Finch Cover [New Printing],Rs.25195
2026-01-25 10:12,Wolverine By Jason Aaron Omnibus Vol. 1 David Finch Cover [New Printing],Rs.25195
2026-01-26 10:18,Wolverine By Jason Aaron Omnibus Vol. 1 David Finch Cover [New Printing],Rs.25195
2026-01-27 10:17,Wolverine By Jason Aaron Omnibus Vol. 1 David Finch Cover [New Printing],Rs.25195
2026-01-28 10:18,Wolverine By Jason Aaron Omnibus Vol. 1 David Finch Cover [New Printing],Rs.25195
2026-01-29 10:27,Wolverine By Jason Aaron Omnibus Vol. 1 David Finch Cover [New Printing],Rs.25195
2026-01-30 10:23,Wolverine By Jason Aaron Omnibus Vol. 1 David Finch Cover [New Printing],Rs.25195
2026-01-31 10:14,Wolverine By Jason Aaron Omnibus Vol. 1 David Finch Cover [New Printing],Rs.25195
2026-02-01 10:15,Wolverine By Jason Aaron Omnibus Vol. 1 David Finch Cover [New Printing],Rs.25195
2026-02-02 10:34,Wolverine By Jason Aaron Omnibus Vol. 1 David Finch Cover [New Printing],Rs.25195
2026-02-03 10:30,Wolverine By Jason Aaron Omnibus Vol. 1 David Finch Cover [New Printing],Rs.25195
2026-02-04 10:29,Wolverine By Jason Aaron Omnibus Vol. 1 David Finch Cover [New Printing],Rs.25195
2026-02-05 10:31,Wolverine By Jason Aaron Omnibus Vol. 1 David Finch Cover [New Printing],Rs.25195
2025-12-31 20:00,Wolverine Goes To Hell Omnibus Jae Lee Cover [New Printing],Rs.24034
2025-12-31 20:09,Wolverine Goes To Hell Omnibus Jae Lee Cover [New Printing],Rs.24034
2025-12-31 20:14,Wolverine Goes To Hell Omnibus Jae Lee Cover [New Printing],Rs.24034
2025-12-31 20:26,Wolverine Goes To Hell Omnibus Jae Lee Cover [New Printing],Rs.24034
2025-12-31 20:39,Wolverine Goes To Hell Omnibus Jae Lee Cover [New Printing],Rs.24034
2025-12-31 20:46,Wolverine Goes To Hell Omnibus Jae Lee Cover [New Printing],Rs.24034
2025-12-31 20:51,Wolverine Goes To Hell Omnibus Jae Lee Cover [New Printing],Rs.24034
2025-12-31 21:02,Wolverine Goes To Hell Omnibus Jae Lee Cover [New Printing],Rs.24034
2025-12-31 21:07,Wolverine Goes To Hell Omnibus Jae Lee Cover [New Printing],Rs.24034
2026-01-01 10:14,Wolverine Goes To Hell Omnibus Jae Lee Cover [New Printing],Rs.24034
2026-01-02 10:13,Wolverine Goes To Hell Omnibus Jae Lee Cover [New Printing],Rs.24034
2026-01-03 10:12,Wolverine Goes To Hell Omnibus Jae Lee Cover [New Printing],Rs.24034
2026-01-04 10:12,Wolverine Goes To Hell Omnibus Jae Lee Cover [New Printing],Rs.24034
2026-01-05 10:16,Wolverine Goes To Hell Omnibus Jae Lee Cover [New Printing],Rs.32045
2026-01-06 10:14,Wolverine Goes To Hell Omnibus Jae Lee Cover [New Printing],Rs.32045
2026-01-07 10:15,Wolverine Goes To Hell Omnibus Jae Lee Cover [New Printing],Rs.32045
2026-01-08 10:15,Wolverine Goes To Hell Omnibus Jae Lee Cover [New Printing],Rs.32045
2026-01-09 10:14,Wolverine Goes To Hell Omnibus Jae Lee Cover [New Printing],Rs.32045
2026-01-10 10:12,Wolverine Goes To Hell Omnibus Jae Lee Cover [New Printing],Rs.32045
2026-01-11 10:12,Wolverine Goes To Hell Omnibus Jae Lee Cover [New Printing],Rs.32045
2026-01-12 10:16,Wolverine Goes To Hell Omnibus Jae Lee Cover [New Printing],Rs.32045
2026-01-13 10:14,Wolverine Goes To Hell Omnibus Jae Lee Cover [New Printing],Rs.32045
2026-01-14 10:15,Wolverine Goes To Hell Omnibus Jae Lee Cover [New Printing],Rs.32045
2026-01-15 10:14,Wolverine Goes To Hell Omnibus Jae Lee Cover [New Printing],Rs.32045
2026-01-16 10:14,Wolverine Goes To Hell Omnibus Jae Lee Cover [New Printing],Rs.32045
2026-01-17 10:12,Wolverine Goes To Hell Omnibus Jae Lee Cover [New Printing],Rs.32045
2026-01-18 10:12,Wolverine Goes To Hell Omnibus Jae Lee Cover [New Printing],Rs.32045
2026-01-19 10:18,Wolverine Goes To Hell Omnibus Jae Lee Cover [New Printing],Rs.32045
2026-01-20 10:18,Wolverine Goes To Hell Omnibus Jae Lee Cover [New Printing],Rs.32045
2026-01-21 10:17,Wolverine Goes To Hell Omnibus Jae Lee Cover [New Printing],Rs.32045
2026-01-22 10:17,Wolverine Goes To Hell Omnibus Jae Lee Cover [New Printing],Rs.32045
2026-01-23 10:15,Wolverine Goes To Hell Omnibus Jae Lee Cover [New Printing],Rs.32045
2026-01-24 10:12,Wolverine Goes To Hell Omnibus Jae Lee Cover [New Printing],Rs.32045
2026-01-25 10:12,Wolverine Goes To Hell Omnibus Jae Lee Cover [New Printing],Rs.32045
2026-01-26 10:18,Wolverine Goes To Hell Omnibus Jae Lee Cover [New Printing],Rs.32045
2026-01-27 10:17,Wolverine Goes To Hell Omnibus Jae Lee Cover [New Printing],Rs.32045
2026-01-28 10:18,Wolverine Goes To Hell Omnibus Jae Lee Cover [New Printing],Rs.32045
2026-01-29 10:27,Wolverine Goes To Hell Omnibus Jae Lee Cover [New Printing],Rs.32045
2026-01-30 10:23,Wolverine Goes To Hell Omnibus Jae Lee Cover [New Printing],Rs.32045
2026-01-31 10:14,Wolverine Goes To Hell Omnibus Jae Lee Cover [New Printing],Rs.32045
2026-02-01 10:15,Wolverine Goes To Hell Omnibus Jae Lee Cover [New Printing],Rs.32045
2026-02-02 10:34,Wolverine Goes To Hell Omnibus Jae Lee Cover [New Printing],Rs.32045
2026-02-03 10:30,Wolverine Goes To Hell Omnibus Jae Lee Cover [New Printing],Rs.32045
2026-02-04 10:29,Wolverine Goes To Hell Omnibus Jae Lee Cover [New Printing],Rs.32045
2026-02-05 10:31,Wolverine Goes To Hell Omnibus Jae Lee Cover [New Printing],Rs.32045
